Type,Number,Page,Title,Alternate Title 1,Alternate Title 2,Alternate Title 3,Alternate Title 4,Alternate Title 5,Alternate Title 6,Alternate Title 7,Alternate Title 8,Alternate Title 9,Alternate Title 10,Alternate Title 11,Alternate Title 12,Alternate Title 13,Alternate Title 14,Alternate Title 15,Alternate Title 16,Alternate Title 17,Alternate Title 18,Alternate Title 19
Double Jig,1,17,Shandon Bells,Punch For the Ladies,,,,,,,,,,,,,,,,,,
Double Jig,2,17,The Piper's Picnic,,,,,,,,,,,,,,,,,,,
Double Jig,3,17,Hartigan's Fancy,Little Fanny's Fancy,,,,,,,,,,,,,,,,,,
Double Jig,4,17,The Yellow Flail,,,,,,,,,,,,,,,,,,,
Double Jig,5,17,Kitty's Rambles,Dan the Cobbler,Ladies' Triumph,The Rambles of Kitty,,,,,,,,,,,,,,,,
Double Jig,6,18,Doctor O'Neill,,,,,,,,,,,,,,,,,,,
Double Jig,7,18,Denis Delaney,Dennis Delaney,In Sweet Tipperary,Sheelah O'Shannon,,,,,,,,,,,,,,,,
Double Jig,8,18,The Walls of Liscarroll,The Lads on the Mountain,,,,,,,,,,,,,,,,,,
Double Jig,9,18,The Pipe on the Hob,,,,,,,,,,,,,,,,,,,
Double Jig,10,18,Guiry's Favorite,Guiry's Favourite,,,,,,,,,,,,,,,,,,
Double Jig,11,18,Malowney's Wife,,,,,,,,,,,,,,,,,,,
Double Jig,12,19,The Gold Ring,,,,,,,,,,,,,,,,,,,
Double Jig,13,19,The Humors of Bantry,Humours of Bantry,Billy Patterson,The Boys of Bockhill,Fire in the Mountains,,,,,,,,,,,,,,,
Double Jig,14,19,Off to the Hunt,,,,,,,,,,,,,,,,,,,
Double Jig,15,19,The Highway to Dublin,,,,,,,,,,,,,,,,,,,
Double Jig,16,19,When Sick is it Tea You Want?,,,,,,,,,,,,,,,,,,,
Double Jig,17,19,The Eavesdropper,,,,,,,,,,,,,,,,,,,
Double Jig,18,20,Saddle the Pony,,,,,,,,,,,,,,,,,,,
Double Jig,19,20,Humors of Glendart,Humours of Glendart,East at Glendart,Shins Around the Fireside,Tim the Piper,,,,,,,,,,,,,,,
Double Jig,20,20,Have a Drink With Me,,,,,,,,,,,,,,,,,,,
Double Jig,21,20,The Hag With the Money,Cailleach an Airgid,,,,,,,,,,,,,,,,,,
Double Jig,22,20,I Know What You Like,,,,,,,,,,,,,,,,,,,
Double Jig,23,20,The Nightcap,,,,,,,,,,,,,,,,,,,
Double Jig,24,20,The Maid at the Well,The Castle Street Jig,,,,,,,,,,,,,,,,,,
Double Jig,25,21,Sergeant Early's Jig,,,,,,,,,,,,,,,,,,,
Double Jig,26,21,Castle Donovan,,,,,,,,,,,,,,,,,,,
Double Jig,27,21,Jackson's Frieze Coat,,,,,,,,,,,,,,,,,,,
Double Jig,28,21,Contentment is Wealth,,,,,,,,,,,,,,,,,,,
Double Jig,29,21,Cherish the Ladies,,,,,,,,,,,,,,,,,,,
Double Jig,30,22,Welcome to Cork,,,,,,,,,,,,,,,,,,,
Double Jig,31,22,The Widow Brady,,,,,,,,,,,,,,,,,,,
Double Jig,32,22,The Basket of Turf,Bundle and Go,The Unfortunate Rake,"The Wee, Wee Man",,,,,,,,,,,,,,,,
Double Jig,33,22,Do You Want Any More?,,,,,,,,,,,,,,,,,,,
Double Jig,34,22,Galway Tom,Bouchaleen Buie,Come in the Evening,The Welcome,,,,,,,,,,,,,,,,
Double Jig,35,22,Money in Both Pockets,,,,,,,,,,,,,,,,,,,
Double Jig,36,23,Father Dollard's Favorite,Father Dollard's Favourite,,,,,,,,,,,,,,,,,,
Double Jig,37,23,Tell Her I Am,,,,,,,,,,,,,,,,,,,
Double Jig,38,23,The Mountain Boy,,,,,,,,,,,,,,,,,,,
Double Jig,39,23,A Visit to Ireland,,,,,,,,,,,,,,,,,,,
Double Jig,40,23,Jerry's Beaver Hat,,,,,,,,,,,,,,,,,,,
Double Jig,41,23,The Templehouse Jig,,,,,,,,,,,,,,,,,,,
Double Jig,42,23,Move Up to Me,,,,,,,,,,,,,,,,,,,
Double Jig,43,24,Paddy Whack,The Harp That in Darkness,When History's Muse,Whoop! Do Me No Harm,,,,,,,,,,,,,,,,
Double Jig,44,24,Nell Flaherty's Drake,My Name it is Nell,The Widow's Curse,,,,,,,,,,,,,,,,,
Double Jig,45,24,Out With the Boys,Irish Whiskey,,,,,,,,,,,,,,,,,,
Double Jig,46,24,Katie's Fancy,,,,,,,,,,,,,,,,,,,
Double Jig,47,24,Paddy from Portlaw,,,,,,,,,,,,,,,,,,,
Double Jig,48,24,The Miller of Glanmire,,,,,,,,,,,,,,,,,,,
Double Jig,49,25,Hare in the Corn (Number 1),,,,,,,,,,,,,,,,,,,
Double Jig,50,25,Daniel O'Rourke,,,,,,,,,,,,,,,,,,,
Double Jig,51,25,O'Sullivan's March,Glengariff,,,,,,,,,,,,,,,,,,
Double Jig,52,25,Tobin's Favorite,Tobin's Favourite,,,,,,,,,,,,,,,,,,
Double Jig,53,25,Banish Misfortune,,,,,,,,,,,,,,,,,,,
Double Jig,54,25,The Wheels of the World,,,,,,,,,,,,,,,,,,,
Double Jig,55,26,Kitty Come Over,,,,,,,,,,,,,,,,,,,
Double Jig,56,26,The Humors of Cappa,Humours of Cappa,,,,,,,,,,,,,,,,,,
Double Jig,57,26,The Blazing Turf Fire,,,,,,,,,,,,,,,,,,,
Double Jig,58,26,All Covered With Moss,,,,,,,,,,,,,,,,,,,
Double Jig,59,26,The Priest's Leap,The Red Stockings,,,,,,,,,,,,,,,,,,
Double Jig,60,26,The Book of Rights,,,,,,,,,,,,,,,,,,,
Double Jig,61,26,The Humors of Whiskey,Humours of Whiskey,,,,,,,,,,,,,,,,,,
Double Jig,62,27,Fiddler's Heaven,,,,,,,,,,,,,,,,,,,
Double Jig,63,27,A Night at the Fair,,,,,,,,,,,,,,,,,,,
Double Jig,64,27,Darby the Driver,,,,,,,,,,,,,,,,,,,
Double Jig,65,27,John White's Mother,,,,,,,,,,,,,,,,,,,
Double Jig,66,27,The Humors of Tralibane,Humours of Tralibane,,,,,,,,,,,,,,,,,,
Double Jig,67,27,Connie the Soldier,The Cripple With the Crutches,The Humors of Abbeyfeale,The Humours of Abbeyfeale,,,,,,,,,,,,,,,,
Double Jig,68,27,Out on the Ocean,The Banks of Ahasnagh,Crossing the Bogs,,,,,,,,,,,,,,,,,
Double Jig,69,28,Philip O'Neill,,,,,,,,,,,,,,,,,,,
Double Jig,70,28,The Besom in Bloom,,,,,,,,,,,,,,,,,,,
Double Jig,71,28,Courtney's Favorite,Courtney's Favourite,,,,,,,,,,,,,,,,,,
Double Jig,72,28,The Merry Old Woman,The Walls of Enniscorthy,,,,,,,,,,,,,,,,,,
Double Jig,73,28,Con Casey's Jig,,,,,,,,,,,,,,,,,,,
Double Jig,74,28,A Trip to the Cottage,,,,,,,,,,,,,,,,,,,
Double Jig,75,28,Old Man Dillon,The Mug of Brown Ale,One Bottle More,,,,,,,,,,,,,,,,,
Double Jig,76,29,Julia McMahon,,,,,,,,,,,,,,,,,,,
Double Jig,77,29,Drive the Cows Home,,,,,,,,,,,,,,,,,,,
Double Jig,78,29,Happy to Meet and Sorry to Part,,,,,,,,,,,,,,,,,,,
Double Jig,79,29,The Joy of My Life,Donnybrook Fair,,,,,,,,,,,,,,,,,,
Double Jig,80,29,The Grumbling Rustic,You Never Did Hear,,,,,,,,,,,,,,,,,,
Double Jig,81,29,The Humors of Ballycastle,The Humours of Ballycastle,,,,,,,,,,,,,,,,,,
Double Jig,82,29,Doherty's Fancy,The Pet of the Pipers,,,,,,,,,,,,,,,,,,
Double Jig,83,30,The Girls of Banbridge,,,,,,,,,,,,,,,,,,,
Double Jig,84,30,Wellington's Advance,,,,,,,,,,,,,,,,,,,
Double Jig,85,30,The Old Man's Delight, ,,,,,,,,,,,,,,,,,,
Double Jig,86,30,Blackeyed Biddy,,,,,,,,,,,,,,,,,,,
Double Jig,87,30,The Jolly Corkonian,The Hills of Glenorchy,,,,,,,,,,,,,,,,,,
Double Jig,88,30,Willy Walsh's Jig,,,,,,,,,,,,,,,,,,,
Double Jig,89,30,The Boys of the Town,,,,,,,,,,,,,,,,,,,
Double Jig,90,31,Petticoat Loose,,,,,,,,,,,,,,,,,,,
Double Jig,91,31,The Tailor's Thimble,,,,,,,,,,,,,,,,,,,
Double Jig,92,31,The Humors of Ballingarry,Humours of Ballingarry,,,,,,,,,,,,,,,,,,
Double Jig,93,31,Palm Sunday,,,,,,,,,,,,,,,,,,,
Double Jig,94,31,The Road to Lurgan,,,,,,,,,,,,,,,,,,,
Double Jig,95,31,The Sheep on the Mountains,,,,,,,,,,,,,,,,,,,
Double Jig,96,31,Our Own Little Isle,The Corovoth Jig,Oh! Irishmen Never Forget,,,,,,,,,,,,,,,,,
Double Jig,97,32,The Straw Seat,,,,,,,,,,,,,,,,,,,
Double Jig,98,32,The Flaxdresser,,,,,,,,,,,,,,,,,,,
Double Jig,99,32,The Races at Carrick,,,,,,,,,,,,,,,,,,,
Double Jig,100,32,Condon's Frolics,,,,,,,,,,,,,,,,,,,
Double Jig,101,32,The Idle Road,,,,,,,,,,,,,,,,,,,
Double Jig,102,32,Billy Barlow,The Day After the Fair,,,,,,,,,,,,,,,,,,
Double Jig,103,32,A Merry Christmas,,,,,,,,,,,,,,,,,,,
Double Jig,104,33,Will You Come Home With Me?,,,,,,,,,,,,,,,,,,,
Double Jig,105,33,The Gobby O,The Bay of Bantry,Jefferson and Liberty,,,,,,,,,,,,,,,,,
Double Jig,106,33,The Humors of Mullinafauna,Humours of Mullinafauna,,,,,,,,,,,,,,,,,,
Double Jig,107,33,Father O'Carroll,,,,,,,,,,,,,,,,,,,
Double Jig,108,33,The Rakes of Kildare,,,,,,,,,,,,,,,,,,,
Double Jig,109,33,The Tailor's Wedding,Skiver the Quilt,,,,,,,,,,,,,,,,,,
Double Jig,110,33,My Former Wife,,,,,,,,,,,,,,,,,,,
Double Jig,111,34,The Sporting Bachelor,,,,,,,,,,,,,,,,,,,
Double Jig,112,34,The First Night in America,,,,,,,,,,,,,,,,,,,
Double Jig,113,34,The Best in the Bag,,,,,,,,,,,,,,,,,,,
Double Jig,114,34,The Maid of the Green,The Night of Fun,,,,,,,,,,,,,,,,,,
Double Jig,115,34,Stagger the Buck,Priest Avourneen,,,,,,,,,,,,,,,,,,
Double Jig,116,34,Rory O'Moore,Good Omens,I'll Follow You My Dear,,,,,,,,,,,,,,,,,
Double Jig,117,34,The Highlander,,,,,,,,,,,,,,,,,,,
Double Jig,118,35,Lannigan's Ball,At the Side of the Road,When I Was a Young Man,,,,,,,,,,,,,,,,,
Double Jig,119,35,Hide and Go Seek,,,,,,,,,,,,,,,,,,,
Double Jig,120,35,Fasten the Leg in Her,Fasten the Wig on Her,Johnny is So Long at the Fair,,,,,,,,,,,,,,,,,
Double Jig,121,35,The Cliffs of Moher,,,,,,,,,,,,,,,,,,,
Double Jig,122,35,Charlie the Prayermaster,,,,,,,,,,,,,,,,,,,
Double Jig,123,35,Young Francis Mooney,,,,,,,,,,,,,,,,,,,
Double Jig,124,35,Grandfather's Pet,,,,,,,,,,,,,,,,,,,
Double Jig,125,36,Wasn't She Fond of Me?,,,,,,,,,,,,,,,,,,,
Double Jig,126,36,Wise Nora,Hushed Be Sorrow's Sigh,Lesbia Hath a Beaming Eye,Nora Chreena,Norah's Jig,,,,,,,,,,,,,,,
Double Jig,127,36,The Butcher's March,,,,,,,,,,,,,,,,,,,
Double Jig,128,36,Larry O'Gaff,,,,,,,,,,,,,,,,,,,
Double Jig,129,36,The Cat in the Corner,,,,,,,,,,,,,,,,,,,
Double Jig,130,36,Ballyhooley,'Hooly and Fairly,,,,,,,,,,,,,,,,,,
Double Jig,131,37,The Bowlegged Tailor,The Bow-legged Tailor,,,,,,,,,,,,,,,,,,
Double Jig,132,37,Larry Grogan,The County Limerick Buckhunt,,,,,,,,,,,,,,,,,,
Double Jig,133,37,The Killashandra Lasses,"By Your Leave, Larry Grogan",,,,,,,,,,,,,,,,,,
Double Jig,134,37,Young Tim Murphy,,,,,,,,,,,,,,,,,,,
Double Jig,135,37,Boiled Goat's Milk,,,,,,,,,,,,,,,,,,,
Double Jig,136,37,Father Jack Walsh,Kitty of Ballinamore,Tatter Jack Walsh,To Cashel I'm Going,,,,,,,,,,,,,,,,
Double Jig,137,37,The Victor's Return,,,,,,,,,,,,,,,,,,,
Double Jig,138,38,Snug in the Blanket,Collough a Thusa,The Hag in the Blanket,,,,,,,,,,,,,,,,,
Double Jig,139,38,"How Are You, Kitty?",O'Shannahan's Rambles,,,,,,,,,,,,,,,,,,
Double Jig,140,38,Silken Wallet,"Cheer Up, Old Hag",The Wallet of Silk,,,,,,,,,,,,,,,,,
Double Jig,141,38,Behind the Haystack,Munster Buttermilk,,,,,,,,,,,,,,,,,,
Double Jig,142,38,The Jolly Old Man,The Brisk Irish Lad,The Brisk Young Lad,Bung Your Eye,There Came a Young Man,,,,,,,,,,,,,,,
Double Jig,143,38,Handy With the Stick,,,,,,,,,,,,,,,,,,,
Double Jig,144,39,The House in the Glen,The Little House in the Glen,,,,,,,,,,,,,,,,,,
Double Jig,145,39,Jackson's Bottle of Brandy,Bobbing for Eels,Fishing for Eels,Jackson's Jug of Punch,,,,,,,,,,,,,,,,
Double Jig,146,39,Jackson's Morning Brush,The Fairy Haunts,My Mountain Home,,,,,,,,,,,,,,,,,
Double Jig,147,39,Jackson's Cravat,,,,,,,,,,,,,,,,,,,
Double Jig,148,39,The Kinnegad Slashers,The Land of Sweet Erin,"O, an Irishman's Heart","O, Merry Am I","Paddy Digging For ""Goold""",Paddy Digging For Gold,The Powers of Whiskey,The Twin Sisters,,,,,,,,,,,,
Double Jig,149,39,The Rakes of Clonmel,The Boys of the Lough,Take a Kiss or Let It Alone,,,,,,,,,,,,,,,,,
Double Jig,150,40,Nancy Hynes,,,,,,,,,,,,,,,,,,,
Double Jig,151,40,The Pretty Brown Girl,Colleen Dhas Dhonn,,,,,,,,,,,,,,,,,,
Double Jig,152,40,Jackson's Fancy,,,,,,,,,,,,,,,,,,,
Double Jig,153,40,Young Tom Ennis,,,,,,,,,,,,,,,,,,,
Double Jig,154,40,The Antrim Lasses,,,,,,,,,,,,,,,,,,,
Double Jig,155,40,Jackson's Rambles,,,,,,,,,,,,,,,,,,,
Double Jig,156,40,A Draught of Ale,,,,,,,,,,,,,,,,,,,
Double Jig,157,41,The Redhaired Hag,,,,,,,,,,,,,,,,,,,
Double Jig,158,41,The Fairhaired Boy,Bouchaleen Bawn,,,,,,,,,,,,,,,,,,
Double Jig,159,41,My Darling Asleep,,,,,,,,,,,,,,,,,,,
Double Jig,160,41,The Kneebuckle Jig,,,,,,,,,,,,,,,,,,,
Double Jig,161,41,The Sod of Turf,The Croosting Cap,,,,,,,,,,,,,,,,,,
Double Jig,162,41,The Tenpenny Bit,,,,,,,,,,,,,,,,,,,
Double Jig,163,41,The Fisherman's Widow,,,,,,,,,,,,,,,,,,,
Double Jig,164,42,The Ladies of Carrick,,,,,,,,,,,,,,,,,,,
Double Jig,165,42,Charlie Stewart,,,,,,,,,,,,,,,,,,,
Double Jig,166,42,Jack of All Trades,Jack-of-All-Trades,,,,,,,,,,,,,,,,,,
Double Jig,167,42,The Boys of Ballinamore,,,,,,,,,,,,,,,,,,,
Double Jig,168,42,Miss Blair's Fancy,,,,,,,,,,,,,,,,,,,
Double Jig,169,42,Easter Sunday,,,,,,,,,,,,,,,,,,,
Double Jig,170,42,Jackson's Rolling Jig,,,,,,,,,,,,,,,,,,,
Double Jig,171,43,The Runaway Bride,,,,,,,,,,,,,,,,,,,
Double Jig,172,43,Black Donald the Piper,,,,,,,,,,,,,,,,,,,
Double Jig,173,43,The Dandy Bonnet,,,,,,,,,,,,,,,,,,,
Double Jig,174,43,The Humors ofTrim,Humours of Trim,Beattie's Frolics,,,,,,,,,,,,,,,,,
Double Jig,175,43,The End of the Day,,,,,,,,,,,,,,,,,,,
Double Jig,176,43,Owen Malone,,,,,,,,,,,,,,,,,,,
Double Jig,177,43,Bessy Murphy,,,,,,,,,,,,,,,,,,,
Double Jig,178,44,Paddy O'Rafferty,Drink of this Cup,Paudeen O'Rafferty,,,,,,,,,,,,,,,,,
Double Jig,179,44,I Do Not Incline,,,,,,,,,,,,,,,,,,,
Double Jig,180,44,The Gaelic Club,,,,,,,,,,,,,,,,,,,
Double Jig,181,44,The Market Town,,,,,,,,,,,,,,,,,,,
Double Jig,182,44,The Humors of Castle Lyons,Humours of Castle Lyons,The Humors of Castlelyons,Humours of Castlelyons,,,,,,,,,,,,,,,,
Double Jig,183,44,The Dancing Master,The Dancingmaster,The Swallow's Nest,,,,,,,,,,,,,,,,,
Double Jig,184,45,Farewell to My Troubles,Goodbye to My Troubles,,,,,,,,,,,,,,,,,,
Double Jig,185,45,The Tongs by the Fire,Come to the Raffle,,,,,,,,,,,,,,,,,,
Double Jig,186,45,The Thief of Lough Erne,,,,,,,,,,,,,,,,,,,
Double Jig,187,45,Scatter the Mud,,,,,,,,,,,,,,,,,,,
Double Jig,188,45,The Priest and His Boots,Bounce Upon Bess,Come All You Good Fellows,Kissing and Drinking,Larry O'Lashem,Paddy's Trip From London,There Are Sounds of Mirth,,,,,,,,,,,,,
Double Jig,189,45,The Three Little Drummers,The Cock in the Heath,The Humors of Duagh,The Humours of Duagh,The Spirits of Whiskey,,,,,,,,,,,,,,,
Double Jig,190,45,O'Mahony's Frolics,,,,,,,,,,,,,,,,,,,
Double Jig,191,46,The Limerick Tinker,The Wearied Lad,The Yellow Ragweed,,,,,,,,,,,,,,,,,
Double Jig,192,46,The Boy From the Mountain,,,,,,,,,,,,,,,,,,,
Double Jig,193,46,The Woodcock,,,,,,,,,,,,,,,,,,,
Double Jig,194,46,Dunmanway Lasses,,,,,,,,,,,,,,,,,,,
Double Jig,195,46,The Boys From Ballinafad,The Boys of Ballinafad,,,,,,,,,,,,,,,,,,
Double Jig,196,46,Let It Be So,,,,,,,,,,,,,,,,,,,
Double Jig,197,47,The Short Grass,,,,,,,,,,,,,,,,,,,
Double Jig,198,47,Miss Monroe's Jig,,,,,,,,,,,,,,,,,,,
Double Jig,199,47,The Spotted Cow,,,,,,,,,,,,,,,,,,,
Double Jig,200,47,Daniel of the Sun,The Bucky Highlander,Bully for You,Dhonal na Greina,From the Court to the Cottage,The Girls of the West,I Gave to My Nelly,Potatoes and Butter,She's the Girl That Can Do It,Sunny Dan,Tady You Gander,'Tis Sweet to Think,You May Talk as You Please,,,,,,,
Double Jig,201,47,Biddy's Wedding,,,,,,,,,,,,,,,,,,,
Double Jig,202,47,Paddy O'Carroll,Bad Luck to this Marching,The Exile's Lament,The Origin of Ireland,,,,,,,,,,,,,,,,
Double Jig,203,48,Haste to the Wedding,A Trip to the Gargle,Let Brainspinning Swains,Rural Felicity,,,,,,,,,,,,,,,,
Double Jig,204,48,The Little House Under the Hill,,,,,,,,,,,,,,,,,,,
Double Jig,205,48,Breeches Mary,,,,,,,,,,,,,,,,,,,
Double Jig,206,48,Jimmy O'Brien's Jig,,,,,,,,,,,,,,,,,,,
Double Jig,207,48,I Will if I Can,The Land of the West,Up and Away,,,,,,,,,,,,,,,,,
Double Jig,208,48,Miss Wiseman's Fancy,,,,,,,,,,,,,,,,,,,
Double Jig,209,49,Green Sleeves,The Little Bogtrotter,,,,,,,,,,,,,,,,,,
Double Jig,210,49,The Miners of Wicklow,Paddy O'Flynn,,,,,,,,,,,,,,,,,,
Double Jig,211,49,My Brother Tom,,,,,,,,,,,,,,,,,,,
Double Jig,212,49,Paddy's Resource,,,,,,,,,,,,,,,,,,,
Double Jig,213,49,Before I was Married,,,,,,,,,,,,,,,,,,,
Double Jig,214,49,The Old Grey Goose,We'll All Take a Coach and Trip It Away,,,,,,,,,,,,,,,,,,
Double Jig,215,50,Hinchey's Delight,,,,,,,,,,,,,,,,,,,
Double Jig,216,50,Come Now or Stay,,,,,,,,,,,,,,,,,,,
Double Jig,217,50,Buttermilk Mary,,,,,,,,,,,,,,,,,,,
Double Jig,218,50,The Connachtman's Rambles,Gathering Dillisk,,,,,,,,,,,,,,,,,,
Double Jig,219,50,Father Fielding's Favorite,Father Fielding's Favourite,Ella Rosenberg,I'll Tell My Mammy,,,,,,,,,,,,,,,,
Double Jig,220,50,Father Tom's Wager,Close to the Floor,,,,,,,,,,,,,,,,,,
Double Jig,221,50,Brian O'Lynn,The Planting Stick,,,,,,,,,,,,,,,,,,
Double Jig,222,51,O'Gallagher's Frolics,Gollaher's Frolics,,,,,,,,,,,,,,,,,,
Double Jig,223,51,The Rambler from Clare,,,,,,,,,,,,,,,,,,,
Double Jig,224,51,Biddy Maloney,,,,,,,,,,,,,,,,,,,
Double Jig,225,51,The New Married Couple,The Newmarried Couple,The Joys of Wedlock,,,,,,,,,,,,,,,,,
Double Jig,226,51,Tim Hogan's Jig,,,,,,,,,,,,,,,,,,,
Double Jig,227,52,Dick Sullivan's Favorite,Dick Sullivan's Favourite,,,,,,,,,,,,,,,,,,
Double Jig,228,52,Come to Dinner,,,,,,,,,,,,,,,,,,,
Double Jig,229,52,The Jolly Joker,,,,,,,,,,,,,,,,,,,
Double Jig,230,52,Mixing the Punch,,,,,,,,,,,,,,,,,,,
Double Jig,231,52,Finerty's Frolic,Bliven's Favorite,Bliven's Favourite,,,,,,,,,,,,,,,,,
Double Jig,232,52,Old as the Hills,,,,,,,,,,,,,,,,,,,
Double Jig,233,52,Long John's Wedding,,,,,,,,,,,,,,,,,,,
Double Jig,234,53,Kit O'Mahony's Jig,,,,,,,,,,,,,,,,,,,
Double Jig,235,53,The Humors of Drinagh,Humours of Drinagh,,,,,,,,,,,,,,,,,,
Double Jig,236,53,The Gallowglass,,,,,,,,,,,,,,,,,,,
Double Jig,237,53,The Fardown Farmer,,,,,,,,,,,,,,,,,,,
Double Jig,238,53,The Old Horned Sheep,The Humors of Donnybrook,The Humours of Donnybrook,,,,,,,,,,,,,,,,,
Double Jig,239,54,The Laccarue Boys,Mary of Castle Cary,,,,,,,,,,,,,,,,,,
Double Jig,240,54,The Lark in the Morning,,,,,,,,,,,,,,,,,,,
Double Jig,241,54,Sergeant Stack's Favorite,Sergeant Stack's Favourite,,,,,,,,,,,,,,,,,,
Double Jig,242,54,The Ruins of Kilmallock,The Ruins of Killmallock,,,,,,,,,,,,,,,,,,
Double Jig,243,54,The Mountaineer's March,,,,,,,,,,,,,,,,,,,
Double Jig,244,54,The Top of Cork Road,Father O'Flynn,The Rollicking Irishman,To Drink With the Devil,Trample Our Enemies,The Yorkshire Lasses,,,,,,,,,,,,,,
Double Jig,245,54,The Monaghan Jig,The Clay Pipe,,,,,,,,,,,,,,,,,,
Double Jig,246,55,The Mooncoin Jig,,,,,,,,,,,,,,,,,,,
Double Jig,247,55,The Bashful Maid,,,,,,,,,,,,,,,,,,,
Double Jig,248,55,The Barronstown Races,,,,,,,,,,,,,,,,,,,
Double Jig,249,55,The Flitch of Bacon,,,,,,,,,,,,,,,,,,,
Double Jig,250,55,Paddy in London,,,,,,,,,,,,,,,,,,,
Double Jig,251,56,The Angry Peeler,,,,,,,,,,,,,,,,,,,
Double Jig,252,56,The Cook in the Kitchen,,,,,,,,,,,,,,,,,,,
Double Jig,253,56,The Humors of Dingle,Humours of Dingle,,,,,,,,,,,,,,,,,,
Double Jig,254,56,The Absent-Minded Man,The Hare in the Corn (Number 2),The House on the Corner,The Little House Around the Corner,"O, As I Was Kissed Yestreen",The Royal Irish Jig,,,,,,,,,,,,,,
Double Jig,255,56,Felix the Wrestler,,,,,,,,,,,,,,,,,,,
Double Jig,256,56,The Night Dance,Strike the Gay Harp,,,,,,,,,,,,,,,,,,
Double Jig,257,57,Morgan Rattler,Five Hundred a Year,If I Had in the Clear,The Land of Potatoes,,,,,,,,,,,,,,,,
Double Jig,258,57,Wallop the Potlid,,,,,,,,,,,,,,,,,,,
Double Jig,259,57,Paddy's Whiskers,,,,,,,,,,,,,,,,,,,
Double Jig,260,58,The Frieze Breeches,On St. Patrick's Day I Was Gay,,,,,,,,,,,,,,,,,,
Double Jig,261,58,The Humors of Ayle House,Humours of Ayle House,The Connachtman,I Buried My Wife,I Buried My Wife and Danced on Her Grave,,,,,,,,,,,,,,,
Double Jig,262,58,Bold John O'Leary,The Wink of Her Eye,,,,,,,,,,,,,,,,,,
Double Jig,263,58,The Humors of Cavan,Humours of Cavan,,,,,,,,,,,,,,,,,,
Double Jig,264,58,The Banks of Lough Gowna,,,,,,,,,,,,,,,,,,,
Double Jig,265,59,The Twopenny Jig,,,,,,,,,,,,,,,,,,,
Double Jig,266,59,The Green Meadow,,,,,,,,,,,,,,,,,,,
Double Jig,267,59,The Merry Maiden,,,,,,,,,,,,,,,,,,,
Double Jig,268,59,Blue Bonnet's Jig,Blue Bonnets Jig,,,,,,,,,,,,,,,,,,
Double Jig,269,59,The Field of Flowers,The Girl I Love,I'll Leave the Country,,,,,,,,,,,,,,,,,
Double Jig,270,59,The Glens of Mayo,,,,,,,,,,,,,,,,,,,
Double Jig,271,59,I'll Neither Spin nor Weave,,,,,,,,,,,,,,,,,,,
Double Jig,272,60,Jackson's Maid,,,,,,,,,,,,,,,,,,,
Double Jig,273,60,The Kilfinane Jig,,,,,,,,,,,,,,,,,,,
Double Jig,274,60,"Walk Out of It, Hogan",,,,,,,,,,,,,,,,,,,
Double Jig,275,60,The Boys of Coomanore,,,,,,,,,,,,,,,,,,,
Double Jig,276,60,The Barefoot Boy,Bouchaleen oge,,,,,,,,,,,,,,,,,,
Double Jig,277,60,The One-horned Cow,The Onehorned Cow,,,,,,,,,,,,,,,,,,
Double Jig,278,61,Sweet Biddy Daly,An Irishman's Heart to the Ladies,Over the Callos,,,,,,,,,,,,,,,,,
Double Jig,279,61,The Geese in the Bogs,,,,,,,,,,,,,,,,,,,
Double Jig,280,61,Going to Donnybrook,,,,,,,,,,,,,,,,,,,
Double Jig,281,61,Wallop the Spot,,,,,,,,,,,,,,,,,,,
Double Jig,282,61,Take It Easy,,,,,,,,,,,,,,,,,,,
Double Jig,283,61,The Man Who Died and Rose Again,,,,,,,,,,,,,,,,,,,
Double Jig,284,62,Kitty of Oulart,The Donnybrook Boy,,,,,,,,,,,,,,,,,,
Double Jig,285,62,Strop the Razor (1st setting),,,,,,,,,,,,,,,,,,,
Double Jig,286,62,Strop the Razor (2nd setting),,,,,,,,,,,,,,,,,,,
Double Jig,287,62,Gillan's Apples,,,,,,,,,,,,,,,,,,,
Double Jig,288,62,The Gudgeon of Maurice's Car,,,,,,,,,,,,,,,,,,,
Double Jig,289,63,The Humors of Ballydehob,Humours of Ballydehob,,,,,,,,,,,,,,,,,,
Double Jig,290,63,The Luckpenny,The Luck Penny,,,,,,,,,,,,,,,,,,
Double Jig,291,63,The Blarney Pilgrim,The Parish Girl,,,,,,,,,,,,,,,,,,
Double Jig,292,63,The Dairymaid,,,,,,,,,,,,,,,,,,,
Double Jig,293,63,How Much Has She Got?,The Sprightly Widow,,,,,,,,,,,,,,,,,,
Double Jig,294,63,The Rivals,,,,,,,,,,,,,,,,,,,
Double Jig,295,64,All Alive,His Home and His Country,I Know Not Whether to Laugh or Cry,I Would Not Give My Irish Wife,You're Welcome to Waterford,,,,,,,,,,,,,,,
Double Jig,296,64,Barney O'Neill,,,,,,,,,,,,,,,,,,,
Double Jig,297,64,Johnny the Jumper,,,,,,,,,,,,,,,,,,,
Double Jig,298,64,"Paddy ""Go easy""",,,,,,,,,,,,,,,,,,,
Double Jig,299,64,Be Easy You Rogue!,Phelim O'Neill,The Priest With the Collar,Sheelah in Sorrow,Stop You Rogue!,,,,,,,,,,,,,,,
Double Jig,300,64,Apples in Winter,Joe Kennedy's Jig,Kennedy's Jig,,,,,,,,,,,,,,,,,
Double Jig,301,65,The Humors of Castlecomer,Humours of Castlecomer,The Humors of Castle Comer,Humours of Castle Comer,,,,,,,,,,,,,,,,
Double Jig,302,65,What Sounds Can Compare?,The Black Rogue,The Bark is on the Swelling Shore,The Bunch of Green Rushes,Come Under My Plaiddie,God Bless the Green Mountain,The Humors of Donnybrook Fair,The Humours of Donnybrook Fair,Inishowen,The Irish Lady,The Irish Lass,Johnny McGill,The Little Bench of Rushes,Michael Malloy,Nature and Melody,O! Pleasant Was the Moon,Shaun Glas,This Life is All Checkered,'Tis a Bit of a Thing,Tom Linton
Double Jig,303,65,The Ranting Rake,,,,,,,,,,,,,,,,,,,
Double Jig,304,65,The Blooming Meadows,Down With the Tithes,The Hag and Her Praskeen,The Humors of Milltown,The Humours of Milltown,,,,,,,,,,,,,,,
Double Jig,305,65,Delaney's Drummers,,,,,,,,,,,,,,,,,,,
Double Jig,306,65,Crabs in the Skillet,,,,,,,,,,,,,,,,,,,
Double Jig,307,66,The Woeful Widow,,,,,,,,,,,,,,,,,,,
Double Jig,308,66,The Cat and the Bacon,,,,,,,,,,,,,,,,,,,
Double Jig,309,66,The Galloping Young Thing,,,,,,,,,,,,,,,,,,,
Double Jig,310,66,The Bridal Jig,Beside the Bann,,,,,,,,,,,,,,,,,,
Double Jig,311,66,The Man in the Moon,,,,,,,,,,,,,,,,,,,
Double Jig,312,66,Come With Me Now,,,,,,,,,,,,,,,,,,,
Double Jig,313,66,The Frost is All Over,The Mist of Clonmel,On a Monday Morning,The Praties Are Dug,,,,,,,,,,,,,,,,
Double Jig,314,67,Sally Magee,,,,,,,,,,,,,,,,,,,
Double Jig,315,67,The Red Rose,,,,,,,,,,,,,,,,,,,
Double Jig,316,67,The Humors of Glynn,Humours of Glynn,The Groves of Sweet Myrtle,,,,,,,,,,,,,,,,,
Double Jig,317,67,The Irishwoman,The Irish Washerwoman,Jackson's Delight,,,,,,,,,,,,,,,,,
Double Jig,318,67,The Merry Huntsman,,,,,,,,,,,,,,,,,,,
Double Jig,319,67,The Fairy Jig,,,,,,,,,,,,,,,,,,,
Double Jig,320,67,The Piper's Welcome,,,,,,,,,,,,,,,,,,,
Double Jig,321,68,Oh! Hag You have Killed Me,,,,,,,,,,,,,,,,,,,
Double Jig,322,68,The Full Moon,,,,,,,,,,,,,,,,,,,
Double Jig,323,68,Yesterday Morning,,,,,,,,,,,,,,,,,,,
Double Jig,324,68,Castletown Conners,,,,,,,,,,,,,,,,,,,
Double Jig,325,68,Martin's One-horned Cow,Martin's Onehorned Cow,,,,,,,,,,,,,,,,,,
Double Jig,326,68,Ollistrum Jig,,,,,,,,,,,,,,,,,,,
Double Jig,327,68,Stay Where You Are,,,,,,,,,,,,,,,,,,,
Double Jig,328,69,Miss Walsh's Fancy,,,,,,,,,,,,,,,,,,,
Double Jig,329,69,The Humors of Clare,Humours of Clare,,,,,,,,,,,,,,,,,,
Double Jig,330,69,The Queen of the Fair,,,,,,,,,,,,,,,,,,,
Double Jig,331,69,The Foot of the Mountain,,,,,,,,,,,,,,,,,,,
Double Jig,332,69,The Maids of Ballinacarty,,,,,,,,,,,,,,,,,,,
Double Jig,333,69,Miss Downing's Fancy,,,,,,,,,,,,,,,,,,,
Double Jig,334,70,When You Go Home,,,,,,,,,,,,,,,,,,,
Double Jig,335,70,Friend of My Heart,,,,,,,,,,,,,,,,,,,
Double Jig,336,70,Down the River,,,,,,,,,,,,,,,,,,,
Double Jig,337,70,Come Along With Me,,,,,,,,,,,,,,,,,,,
Double Jig,338,70,Cronin's Frolics,,,,,,,,,,,,,,,,,,,
Double Jig,339,70,Belles of Liscarroll,,,,,,,,,,,,,,,,,,,
Double Jig,340,71,Munster Bacon,,,,,,,,,,,,,,,,,,,
Double Jig,341,71,Billy McCormack,The New Lesson,Tumbling Down Tady's Acre,,,,,,,,,,,,,,,,,
Double Jig,342,71,The Chorus Jig,,,,,,,,,,,,,,,,,,,
Double Jig,343,71,Church Hill,,,,,,,,,,,,,,,,,,,
Double Jig,344,71,The Stolen Purse,,,,,,,,,,,,,,,,,,,
Double Jig,345,71,A Trip to Galway,,,,,,,,,,,,,,,,,,,
Double Jig,346,72,Miss Douglas,,,,,,,,,,,,,,,,,,,
Double Jig,347,72,The Maid of Kinsale,,,,,,,,,,,,,,,,,,,
Double Jig,348,72,The Flowers of Dungarvan,,,,,,,,,,,,,,,,,,,
Double Jig,349,72,Miss Grant's Jig,,,,,,,,,,,,,,,,,,,
Double Jig,350,72,Don't Be Teasing,,,,,,,,,,,,,,,,,,,
Double Jig,351,72,Clancy's Frolics,,,,,,,,,,,,,,,,,,,
Double Jig,352,72,The Powers of Punch,,,,,,,,,,,,,,,,,,,
Double Jig,353,73,The Yellow Wattle,,,,,,,,,,,,,,,,,,,
Double Jig,354,73,The Lads of Dunse,,,,,,,,,,,,,,,,,,,
Double Jig,355,73,The Lasses of Dunse,,,,,,,,,,,,,,,,,,,
Double Jig,356,73,Portpatrick,,,,,,,,,,,,,,,,,,,
Double Jig,357,73,The Hibernian Jig,,,,,,,,,,,,,,,,,,,
Double Jig,358,73,Go to the Devil and Shake Yourself,,,,,,,,,,,,,,,,,,,
Double Jig,359,74,May Be I Will,,,,,,,,,,,,,,,,,,,
Double Jig,360,74,The Market Girl,,,,,,,,,,,,,,,,,,,
Double Jig,361,74,The Drogheda Weavers,,,,,,,,,,,,,,,,,,,
Double Jig,362,74,The Hollyford Jig,,,,,,,,,,,,,,,,,,,
Double Jig,363,74,Nell Kennedy,,,,,,,,,,,,,,,,,,,
Double Jig,364,74,Three Halfpence a Day,Very Poor Pay,,,,,,,,,,,,,,,,,,
Double Jig,365,74,Merry Mary,,,,,,,,,,,,,,,,,,,
Single Jig,366,75,Bolt the Door,,,,,,,,,,,,,,,,,,,
Single Jig,367,75,Ask My Father,,,,,,,,,,,,,,,,,,,
Single Jig,368,75,With All My Heart,,,,,,,,,,,,,,,,,,,
Single Jig,369,75,Get Up Early,,,,,,,,,,,,,,,,,,,
Single Jig,370,75,Dan Roger's Jig,,,,,,,,,,,,,,,,,,,
Single Jig,371,76,Tie the Petticoat Tighter,The Bonnie Highlander,Yourself Along With Me,,,,,,,,,,,,,,,,,
Single Jig,372,76,Trip It Up Stairs,,,,,,,,,,,,,,,,,,,
Single Jig,373,76,Sergeant Cahill's Favorite,Sergeant Cahill's Favourite,,,,,,,,,,,,,,,,,,
Single Jig,374,76,Moll in the Ward,,,,,,,,,,,,,,,,,,,
Single Jig,375,76,Tim the Thatcher,,,,,,,,,,,,,,,,,,,
Single Jig,376,76,Is It the Priest You Want?,,,,,,,,,,,,,,,,,,,
Single Jig,377,76,Whiskey and Water,Moll in the Wad,,,,,,,,,,,,,,,,,,
Single Jig,378,77,The Humors of Limerick,The Humours of Limerick,Judy Flannagan,,,,,,,,,,,,,,,,,
Single Jig,379,77,Stack the Rags,,,,,,,,,,,,,,,,,,,
Single Jig,380,77,Tip the Cruiskeen,,,,,,,,,,,,,,,,,,,
Single Jig,381,77,Tatter the Road,The Humours of Limerick,,,,,,,,,,,,,,,,,,
Single Jig,382,77,Huish the Cat,Dance Light for My Heart Lies Under Your Feet,The Peas on the Hearth,,,,,,,,,,,,,,,,,
Single Jig,383,77,The Bucks of Westmeath,,,,,,,,,,,,,,,,,,,
Single Jig,384,77,The Beauties of Ireland,,,,,,,,,,,,,,,,,,,
Single Jig,385,78,Off She Goes!,The Launch,,,,,,,,,,,,,,,,,,
Single Jig,386,78,Smash the Windows,,,,,,,,,,,,,,,,,,,
Single Jig,387,78,Ellis' Jig,,,,,,,,,,,,,,,,,,,
Single Jig,388,78,Lock the Door,,,,,,,,,,,,,,,,,,,
Single Jig,389,78,Maguire's Kick,,,,,,,,,,,,,,,,,,,
Single Jig,390,78,The Bunch of Roses,,,,,,,,,,,,,,,,,,,
Single Jig,391,79,The Humors of Ballinafauna,The Humours of Ballinafauna,,,,,,,,,,,,,,,,,,
Single Jig,392,79,Kiss Me Sweetheart,,,,,,,,,,,,,,,,,,,
Single Jig,393,79,What Ails You?,,,,,,,,,,,,,,,,,,,
Single Jig,394,79,Get Up Old Woman and Shake Yourself,Captain Thornton's Delight,Conor O'Sullivan's Vision,Donogh O'Sullivan's Reply,The Growling Old Woman,The Irish Whim,Last Night Amid Dreams,O'Tuomy's Carousal,,,,,,,,,,,,
Single Jig,395,79,Child of My Heart,,,,,,,,,,,,,,,,,,,
Single Jig,396,79,The Northern Road,Boher O Huaid,"Stir Your Feet, Johnny",,,,,,,,,,,,,,,,,
Single Jig,397,79,Come In From the Rain,,,,,,,,,,,,,,,,,,,
Single Jig,398,79,Behind the Bush in the Garden,I Sat in the Green Valley,Royal Charlie,Times Are Mighty Hard,Who'll Be King But Charlie?,,,,,,,,,,,,,,,
Single Jig,399,80,The Runaway Jig,,,,,,,,,,,,,,,,,,,
Single Jig,400,80,The Mariner's Frock,,,,,,,,,,,,,,,,,,,
Single Jig,401,80,The Humors of Castleoliver,The Humours of Castleoliver,,,,,,,,,,,,,,,,,,
Single Jig,402,80,The Lady of the Lake,,,,,,,,,,,,,,,,,,,
Single Jig,403,80,A Morning in Summer,,,,,,,,,,,,,,,,,,,
Single Jig,404,80,I'm a Silly Old Man,The Bunch of Currants,Christmas Comes But Once a Year,I've Got One Daughter to Marry,,,,,,,,,,,,,,,,
Single Jig,405,80,Good Night,,,,,,,,,,,,,,,,,,,
Single Jig,406,80,The Lovely Lad,,,,,,,,,,,,,,,,,,,
Single Jig,407,81,Carbray's Frolics,,,,,,,,,,,,,,,,,,,
Single Jig,408,81,Cahill's Workshop,,,,,,,,,,,,,,,,,,,
Single Jig,409,81,The Shady Lane,,,,,,,,,,,,,,,,,,,
Single Jig,410,81,Barrack Hill,,,,,,,,,,,,,,,,,,,
Slip Jig,411,82,The Rocky Road to Dublin,Black Burke,Black Rock,,,,,,,,,,,,,,,,,
Slip Jig,412,82,Hardiman the Fiddler,,,,,,,,,,,,,,,,,,,
Slip Jig,413,82,The Swaggering Jig,Oh! The Marriage,,,,,,,,,,,,,,,,,,
Slip Jig,414,82,Tea in the Morning,Flag of the Fire,Jimmy Guiry,,,,,,,,,,,,,,,,,
Slip Jig,415,82,Will You Come Down to Limerick,The Munster Gimlet,,,,,,,,,,,,,,,,,,
Slip Jig,416,83,The Rakes of Westmeath,,,,,,,,,,,,,,,,,,,
Slip Jig,417,83,The Humors of Ballymanus,The Humours of Ballymanus,Jig Polthogue,Pilib McCue,Polthogue Jig,,,,,,,,,,,,,,,
Slip Jig,418,83,Roudledum,Roll Round the World As It Will,,,,,,,,,,,,,,,,,,
Slip Jig,419,83,Yellow Legs,,,,,,,,,,,,,,,,,,,
Slip Jig,420,83,Give Us a Drink of Water,There Is No Milk In the House,,,,,,,,,,,,,,,,,,
Slip Jig,421,83,"My Mind Will Never Be ""Aisy""",I Lead Such a Troublesome Life,Tied To a Wife,,,,,,,,,,,,,,,,,
Slip Jig,422,83,The Foxhunters' Jig,The Jolly Foxhunters,,,,,,,,,,,,,,,,,,
Slip Jig,423,84,The Boys of Ballisadare,The Boys of Ballisodare,,,,,,,,,,,,,,,,,,
Slip Jig,424,84,A Whack At the Whigs,Leather the Wig,,,,,,,,,,,,,,,,,,
Slip Jig,425,84,The Irish Girl,,,,,,,,,,,,,,,,,,,
Slip Jig,426,84,Sir Philip McHugh,,,,,,,,,,,,,,,,,,,
Slip Jig,427,84,"Terry Heigh Ho, the Grinder",Margery Grinder,Search All the World Over,'Tis Little For Glory I Care,,,,,,,,,,,,,,,,
Slip Jig,428,84,Top the Candle!,,,,,,,,,,,,,,,,,,,
Slip Jig,429,84,Barney Brallaghan,Blewitt's Jig,Mrs. Barney Brallaghan,'Twas On a Windy Night,,,,,,,,,,,,,,,,
Slip Jig,430,84,Tipperary Hills,Andrew Carey,Over the Hill To Tipperary,,,,,,,,,,,,,,,,,
Slip Jig,431,85,Dever the Dancer,,,,,,,,,,,,,,,,,,,
Slip Jig,432,85,I'm the Boy For Bewitching Them,,,,,,,,,,,,,,,,,,,
Slip Jig,433,85,Hunting the Hare,,,,,,,,,,,,,,,,,,,
Slip Jig,434,85,The Kid on the Mountain,,,,,,,,,,,,,,,,,,,
Slip Jig,435,85,The Hawthorn,,,,,,,,,,,,,,,,,,,
Slip Jig,436,85,Up and Down Again,Here We Go Up,,,,,,,,,,,,,,,,,,
Slip Jig,437,85,Another Jig Will Do,He Didn't Dance All Day,I Whistled and Called Her Back,That's the Time o' Day,Whiskey and Beer,,,,,,,,,,,,,,,
Slip Jig,438,86,Dublin Streets,,,,,,,,,,,,,,,,,,,
Slip Jig,439,86,Dress Her Out in Fine Clothes,,,,,,,,,,,,,,,,,,,
Slip Jig,440,86,Jerry Houlihan,,,,,,,,,,,,,,,,,,,
Slip Jig,441,86,Moll Roe,Ditherum Doodle,Moll Roe in the Morning,Munsterman's Flattery,One Bumper at Parting,Though Late I Was Plump,,,,,,,,,,,,,,
Slip Jig,442,86,Come Upstairs With Me,,,,,,,,,,,,,,,,,,,
Slip Jig,443,86,A Fig For a Kiss,,,,,,,,,,,,,,,,,,,
Slip Jig,444,87,Gurty's Frolics,,,,,,,,,,,,,,,,,,,
Slip Jig,445,87,Cahiramee,,,,,,,,,,,,,,,,,,,
Slip Jig,446,87,Spatter the Dew,,,,,,,,,,,,,,,,,,,
Slip Jig,447,87,Comb Your Hair and Curl It,,,,,,,,,,,,,,,,,,,
Slip Jig,448,87,Drops of Brandy,Oh! Mary If My Advice You Take,,,,,,,,,,,,,,,,,,
Slip Jig,449,88,Open the Door For Three,,,,,,,,,,,,,,,,,,,
Slip Jig,450,88,I Have a Wife of My Own,Beauteous Fair Molly,"Bless My Soul, Why Shouldn't I?",Jack Won't Sell His Fiddle,The Ragged Lady,Spatter the Mud,,,,,,,,,,,,,,
Slip Jig,451,88,The Highway to Kilkenny,,,,,,,,,,,,,,,,,,,
Slip Jig,452,88,Last Night's Fun,Wink and She'll Follow You,,,,,,,,,,,,,,,,,,
Slip Jig,453,88,Ride a Mile,Cumilum,Fairest Put On Awhile,Hey My Kitten,I Don't Care,Is Cuma Liom,Mad Moll,Yellow Stockings,,,,,,,,,,,,
Slip Jig,454,88,The Rakes of Sollohod,,,,,,,,,,,,,,,,,,,
Slip Jig,455,88,The Dusty Miller,,,,,,,,,,,,,,,,,,,
Reel,456,89,The Girl Who Broke My Heart,,,,,,,,,,,,,,,,,,,
Reel,457,89,The Humors of Westport,The Humours of Westport,,,,,,,,,,,,,,,,,,
Reel,458,89,The Broken Pledge,,,,,,,,,,,,,,,,,,,
Reel,459,89,The Repeal of the Union,,,,,,,,,,,,,,,,,,,
Reel,460,89,The Milliner's Daughter,,,,,,,,,,,,,,,,,,,
Reel,461,89,Paddy Ryan's Dream,,,,,,,,,,,,,,,,,,,
Reel,462,90,Music in the Glen,,,,,,,,,,,,,,,,,,,
Reel,463,90,The Peeler's Jacket,The Flannel Jacket,Hibernia's Pride,The Peeler's Cap,,,,,,,,,,,,,,,,
Reel,464,90,The Silver Tip,,,,,,,,,,,,,,,,,,,
Reel,465,90,The Bank of Ireland,,,,,,,,,,,,,,,,,,,
Reel,466,90,Take Your Choice,Going to the Fair,Terrence's Ramble,,,,,,,,,,,,,,,,,
Reel,467,90,All Hands Around,,,,,,,,,,,,,,,,,,,
Reel,468,90,The Avonmore,The Banks of Avonmore,The Blackwater,,,,,,,,,,,,,,,,,
Reel,469,90,Bantry Lasses,,,,,,,,,,,,,,,,,,,
Reel,470,91,The Merry Days of Easter,,,,,,,,,,,,,,,,,,,
Reel,471,91,My Maryanne,,,,,,,,,,,,,,,,,,,
Reel,472,91,Leave My Way,,,,,,,,,,,,,,,,,,,
Reel,473,91,A Rainy Day,,,,,,,,,,,,,,,,,,,
Reel,474,91,Miss Crawford,,,,,,,,,,,,,,,,,,,
Reel,475,91,The Morning Star,The Belles of Omagh,,,,,,,,,,,,,,,,,,
Reel,476,91,The Bucks of Oranmore,,,,,,,,,,,,,,,,,,,
Reel,477,92,The Mourne Mountains,The Long Hills of Mourne,Peggy is Your Head Sick?,,,,,,,,,,,,,,,,,
Reel,478,92,The Bunch of Green Rushes,,,,,,,,,,,,,,,,,,,
Reel,479,92,The Spinning Wheel,,,,,,,,,,,,,,,,,,,
Reel,480,92,Maude Miller,Dunnigan's Reel,,,,,,,,,,,,,,,,,,
Reel,481,92,The Green Mountain,The Judy Reel,The Long Island Reel,,,,,,,,,,,,,,,,,
Reel,482,92,The Flogging Reel,,,,,,,,,,,,,,,,,,,
Reel,483,92,Kate Kelly's Fancy,The Cat That Ate the Sidecomb,Ho! Awake,Twin Katy's Reel,,,,,,,,,,,,,,,,
Reel,484,93,The New Demesne,Miss Corbet,,,,,,,,,,,,,,,,,,
Reel,485,93,The College Grove,,,,,,,,,,,,,,,,,,,
Reel,486,93,Miss McDonald,,,,,,,,,,,,,,,,,,,
Reel,487,93,Buckley's Fancy,,,,,,,,,,,,,,,,,,,
Reel,488,93,Craig's Reel,,,,,,,,,,,,,,,,,,,
Reel,489,93,The New Mailcoach,The New Mail-coach,,,,,,,,,,,,,,,,,,
Reel,490,94,Sheehan's Reel,The Blackeyed Sailor,,,,,,,,,,,,,,,,,,
Reel,491,94,The First Month of Summer,,,,,,,,,,,,,,,,,,,
Reel,492,94,The Bloom of Youth,,,,,,,,,,,,,,,,,,,
Reel,493,94,Johnny's Wedding,,,,,,,,,,,,,,,,,,,
Reel,494,94,The Youngest Daughter,,,,,,,,,,,,,,,,,,,
Reel,495,94,The Star of Munster,The Birds in the Bushes,The Bright Star of Munster,Kitty's Wishes,,,,,,,,,,,,,,,,
Reel,496,94,The Macroom Lasses,,,,,,,,,,,,,,,,,,,
Reel,497,94,My Love is Fair and Handsome,The Donegal Boys,I Wish I Never Had Seen You,The Magic Slipper,Paddy McFadden,,,,,,,,,,,,,,,
Reel,498,95,Kitty Losty's Reel,,,,,,,,,,,,,,,,,,,
Reel,499,95,Captain O'Neill,The Charms of Music,The Rowan Tree,,,,,,,,,,,,,,,,,
Reel,500,95,The Chorus Reel,,,,,,,,,,,,,,,,,,,
Reel,501,95,A Bright May Morning,,,,,,,,,,,,,,,,,,,
Reel,502,95,Toss the Feathers,,,,,,,,,,,,,,,,,,,
Reel,503,95,The Boys of Ballinchalla,,,,,,,,,,,,,,,,,,,
Reel,504,95,The Ewe Reel,,,,,,,,,,,,,,,,,,,
Reel,505,96,The Templehouse,The Evergreen,Mother Carey,,,,,,,,,,,,,,,,,
Reel,506,96,The Messenger,,,,,,,,,,,,,,,,,,,
Reel,507,96,The Day We Paid the rent,,,,,,,,,,,,,,,,,,,
Reel,508,96,Over the Bridge to Peggy,,,,,,,,,,,,,,,,,,,
Reel,509,96,The Ladies' Pantalettes,Pat the Fowler,,,,,,,,,,,,,,,,,,
Reel,510,96,Jim Moore's Fancy,The Flowers of Michigan,,,,,,,,,,,,,,,,,,
Reel,511,96,The New Policeman,Paddy Bolster's Reel,The Twin Brothers' Reel,,,,,,,,,,,,,,,,,
Reel,512,96,The Flower of the Flock,,,,,,,,,,,,,,,,,,,
Reel,513,97,The Green Fields of America,Charming Molly Brallaghan,Judy Brannagan,,,,,,,,,,,,,,,,,
Reel,514,97,The Boyne Hunt,Molly Maguire,The Perth Hunt,Thomas a Cartha,Tom the Blacksmith,,,,,,,,,,,,,,,
Reel,515,97,The Bush in Bloom,,,,,,,,,,,,,,,,,,,
Reel,516,97,The Mountain Lark,,,,,,,,,,,,,,,,,,,
Reel,517,97,The Steam Packet,The Guager,The Last House in Connacht,The Mountain Lark,,,,,,,,,,,,,,,,
Reel,518,97,Peggy on the Settle,Kitty Clover,,,,,,,,,,,,,,,,,,
Reel,519,97,The Fiveleaved Clover,The Five-leaved Clover,,,,,,,,,,,,,,,,,,
Reel,520,98,Colonel Fraser,The Green Fields of Ireland,Purty Molly Brallaghan,,,,,,,,,,,,,,,,,
Reel,521,98,The Boys of Portaferry,The Sporting Boys,,,,,,,,,,,,,,,,,,
Reel,522,98,The Clock in the Steeple,,,,,,,,,,,,,,,,,,,
Reel,523,98,The New Road,,,,,,,,,,,,,,,,,,,
Reel,524,98,The Reconciliation,Humphrey's Reel,,,,,,,,,,,,,,,,,,
Reel,525,98,Tear the Calico,,,,,,,,,,,,,,,,,,,
Reel,526,99,Mary Grace,,,,,,,,,,,,,,,,,,,
Reel,527,99,Dillon Brown,,,,,,,,,,,,,,,,,,,
Reel,528,99,The Miller's Maid,,,,,,,,,,,,,,,,,,,
Reel,529,99,The Green Branch,,,,,,,,,,,,,,,,,,,
Reel,530,99,Far From Home, ,,,,,,,,,,,,,,,,,,
Reel,531,99,Colonel Rodney,,,,,,,,,,,,,,,,,,,
Reel,532,99,The Ships Are Sailing,The Boy in the Boat,Take Her Out and Air Her,,,,,,,,,,,,,,,,,
Reel,533,99,John O'Neill's Reel,,,,,,,,,,,,,,,,,,,
Reel,534,100,Miss Thornton's Reel,Coming Through the Fields,,,,,,,,,,,,,,,,,,
Reel,535,100,The Merry Sisters,,,,,,,,,,,,,,,,,,,
Reel,536,100,The Swallow's Tail,The Pride of the Ball,The Steeple Chase,Take Your Hand Away,,,,,,,,,,,,,,,,
Reel,537,100,Jack Latin,,,,,,,,,,,,,,,,,,,
Reel,538,100,The Daisy Field,,,,,,,,,,,,,,,,,,,
Reel,539,100,Tom Steele,,,,,,,,,,,,,,,,,,,
Reel,540,101,Dillon's Fancy,,,,,,,,,,,,,,,,,,,
Reel,541,101,The Sligo Chorus,,,,,,,,,,,,,,,,,,,
Reel,542,101,The Dogs Among the Bushes,,,,,,,,,,,,,,,,,,,
Reel,543,101,Peter Kennedy's Fancy,,,,,,,,,,,,,,,,,,,
Reel,544,101,The Curragh Races,,,,,,,,,,,,,,,,,,,
Reel,545,101,Bonnie Kate,The Boys of Limerick,,,,,,,,,,,,,,,,,,
Reel,546,101,London Lasses,The Bird in the Cage,,,,,,,,,,,,,,,,,,
Reel,547,102,Follow Me Down,,,,,,,,,,,,,,,,,,,
Reel,548,102,Dan McCarthy's Fancy,Dan McCarty's Fancy,The Country Girl's Fortune,,,,,,,,,,,,,,,,,
Reel,549,102,The Musical Priest,,,,,,,,,,,,,,,,,,,
Reel,550,102,Ballinasloe Fair,,,,,,,,,,,,,,,,,,,
Reel,551,102,The Christening,The Spout Reel,,,,,,,,,,,,,,,,,,
Reel,552,102,O'Dwyer's Reel,,,,,,,,,,,,,,,,,,,
Reel,553,102,The Miller's Daughter,,,,,,,,,,,,,,,,,,,
Reel,554,103,McFadden's Handsome Daughter,,,,,,,,,,,,,,,,,,,
Reel,555,103,Cunningham's Fancy,,,,,,,,,,,,,,,,,,,
Reel,556,103,Mary O'Neill's Fancy,,,,,,,,,,,,,,,,,,,
Reel,557,103,The Drogheda Lasses,The Pure Drop,,,,,,,,,,,,,,,,,,
Reel,558,103,McFadden's Own Reel,,,,,,,,,,,,,,,,,,,
Reel,559,103,Johnny With the Queer Thing,,,,,,,,,,,,,,,,,,,
Reel,560,104,The Blackberry Blossom,The Strawberry Beds,,,,,,,,,,,,,,,,,,
Reel,561,104,Jim Kennedy's Favorite,Jim Kennedy's Favourite,The Hare's Foot,The Lowlands of Scotland,,,,,,,,,,,,,,,,
Reel,562,104,The Flowing Bowl,,,,,,,,,,,,,,,,,,,
Reel,563,104,Lovely Molly,,,,,,,,,,,,,,,,,,,
Reel,564,104,More Luck to Us,,,,,,,,,,,,,,,,,,,
Reel,565,104,The Woman of the House,,,,,,,,,,,,,,,,,,,
Reel,566,104,Sweet Biddy of Ballyvourney,,,,,,,,,,,,,,,,,,,
Reel,567,105,Cahill's Courtship,,,,,,,,,,,,,,,,,,,
Reel,568,105,Joe Cant's Reel,,,,,,,,,,,,,,,,,,,
Reel,569,105,The Snow on the Hills,,,,,,,,,,,,,,,,,,,
Reel,570,105,Lawson's Favorite,Lawson's Favourite,,,,,,,,,,,,,,,,,,
Reel,571,105,Kiss the Maid Behind the Barrel,The Clonmel Lasses,,,,,,,,,,,,,,,,,,
Reel,572,105,Roll Her on the Mountain,,,,,,,,,,,,,,,,,,,
Reel,573,105,The Fermoy Lasses,The Connacht Ranger,The Humors of Mackin,The Humours of Mackin,,,,,,,,,,,,,,,,
Reel,574,106,The Happy Days of Youth,,,,,,,,,,,,,,,,,,,
Reel,575,106,Miss Monaghan,The Belles of Tipperary,The Connacht Lasses,The Kerry Star,,,,,,,,,,,,,,,,
Reel,576,106,The Rose in the Garden,,,,,,,,,,,,,,,,,,,
Reel,577,106,The Old Pensioner,,,,,,,,,,,,,,,,,,,
Reel,578,106,The Reel of Mullinavat,,,,,,,,,,,,,,,,,,,
Reel,579,106,McLean's Favorite,McLean's Favourite,,,,,,,,,,,,,,,,,,
Reel,580,106,The Dancer's Delight,,,,,,,,,,,,,,,,,,,
Reel,581,107,Trim the Velvet,,,,,,,,,,,,,,,,,,,
Reel,582,107,Lough Allen,The Box About the Fireplace,The Millstream,,,,,,,,,,,,,,,,,
Reel,583,107,Jenny Pippin,Jenny Nettle's Fancy,,,,,,,,,,,,,,,,,,
Reel,584,107,The Leitrim Thrush,,,,,,,,,,,,,,,,,,,
Reel,585,107,The Blackhaired Lass,The Black Haired Lass,,,,,,,,,,,,,,,,,,
Reel,586,107,My Love is in America,The Dandy Apron,,,,,,,,,,,,,,,,,,
Reel,587,107,The Dublin Lasses,Douse the Monkey,Last Night's Work,Miss Roden's Reel,,,,,,,,,,,,,,,,
Reel,588,108,Captain Kelly's Reel,,,,,,,,,,,,,,,,,,,
Reel,589,108,Beamish's Goat,,,,,,,,,,,,,,,,,,,
Reel,590,108,Casey the Whistler,,,,,,,,,,,,,,,,,,,
Reel,591,108,Downing's Reel,Momma's Pet,,,,,,,,,,,,,,,,,,
Reel,592,108,A Cloudy Morning,,,,,,,,,,,,,,,,,,,
Reel,593,108,Thompson's Reel,Spirvan's Fancy,,,,,,,,,,,,,,,,,,
Reel,594,108,The Merry Harriers,,,,,,,,,,,,,,,,,,,
Reel,595,109,Pat Tuohy's Reel,,,,,,,,,,,,,,,,,,,
Reel,596,109,The Boys of Galway,,,,,,,,,,,,,,,,,,,
Reel,597,109,The Wedding,,,,,,,,,,,,,,,,,,,
Reel,598,109,The Mason's Apron,The Mason's Cap,,,,,,,,,,,,,,,,,,
Reel,599,109,The Cashmere Shawl,,,,,,,,,,,,,,,,,,,
Reel,600,109,The Old Grey Gander,,,,,,,,,,,,,,,,,,,
Reel,601,109,Johnny's Welcome Home,,,,,,,,,,,,,,,,,,,
Reel,602,110,Jenny Picking Cockles,,,,,,,,,,,,,,,,,,,
Reel,603,110,The Salamanca Reel,,,,,,,,,,,,,,,,,,,
Reel,604,110,The Star of Killkenny,The Star of Kilkenny,,,,,,,,,,,,,,,,,,
Reel,605,110,Kitty Got a Clinking Coming From the Races,Coming From the Races,The Highway to Linton,,,,,,,,,,,,,,,,,
Reel,606,110,Tie the Bonnet,Down With the Mail,The Rambler's Rest,Upstairs in a Tent,,,,,,,,,,,,,,,,
Reel,607,110,Tie the Ribbons,,,,,,,,,,,,,,,,,,,
Reel,608,110,The Rising Sun,The Jolly Clam-Diggers,,,,,,,,,,,,,,,,,,
Reel,609,111,The Strawberry Blossom,,,,,,,,,,,,,,,,,,,
Reel,610,111,I Have No Money,,,,,,,,,,,,,,,,,,,
Reel,611,111,The First of March,,,,,,,,,,,,,,,,,,,
Reel,612,111,Jack Dolan,,,,,,,,,,,,,,,,,,,
Reel,613,111,Doctor Taylor,,,,,,,,,,,,,,,,,,,
Reel,614,111,Money Musk (Irish Style),The Money Musk,,,,,,,,,,,,,,,,,,
Reel,615,111,Your Mother's Fair Pet,I'm Ready Now,Patha Gal Do Vaher,,,,,,,,,,,,,,,,,
Reel,616,112,Molly Put the Kettle On,,,,,,,,,,,,,,,,,,,
Reel,617,112,The Boys of Cappoquin,,,,,,,,,,,,,,,,,,,
Reel,618,112,The Magpie's Nest,,,,,,,,,,,,,,,,,,,
Reel,619,112,The Threepenny Bit,My Love is on the Ocean,,,,,,,,,,,,,,,,,,
Reel,620,112,How the Money Goes,,,,,,,,,,,,,,,,,,,
Reel,621,112,The Sailor's Jacket,"Come to Your ""Tay""",,,,,,,,,,,,,,,,,,
Reel,622,112,The Ivy Leaf,Mind My Brother,,,,,,,,,,,,,,,,,,
Reel,623,113,An Ugly Customer,,,,,,,,,,,,,,,,,,,
Reel,624,113,The Dublin Reel,The Shuffle Reel,,,,,,,,,,,,,,,,,,
Reel,625,113,The Sailor's Return,The Sailor Set on Shore,,,,,,,,,,,,,,,,,,
Reel,626,113,Miss Johnson's Reel,Miss Johnson,,,,,,,,,,,,,,,,,,
Reel,627,113,The Mills Are Grinding,The Whistling Barber,,,,,,,,,,,,,,,,,,
Reel,628,113,Jerry Hayes,,,,,,,,,,,,,,,,,,,
Reel,629,113,The Belfast Lasses,,,,,,,,,,,,,,,,,,,
Reel,630,114,The Lady Behind the Boat,,,,,,,,,,,,,,,,,,,
Reel,631,114,Touch Me if You Dare,Johnny Reidy,,,,,,,,,,,,,,,,,,
Reel,632,114,You Rogue You Dar'n't Meddle Me,,,,,,,,,,,,,,,,,,,
Reel,633,114,The Flax in Bloom,,,,,,,,,,,,,,,,,,,
Reel,634,114,The Wexford Lasses,,,,,,,,,,,,,,,,,,,
Reel,635,114,Pick Your Partner,,,,,,,,,,,,,,,,,,,
Reel,636,114,The Sligo Lasses,,,,,,,,,,,,,,,,,,,
Reel,637,115,McFadden's Mishap,,,,,,,,,,,,,,,,,,,
Reel,638,115,Nelly O'Donovan,,,,,,,,,,,,,,,,,,,
Reel,639,115,On the Sly,,,,,,,,,,,,,,,,,,,
Reel,640,115,The Four Courts (Number 1),,,,,,,,,,,,,,,,,,,
Reel,641,115,The Four Courts (Number 2),,,,,,,,,,,,,,,,,,,
Reel,642,115,The Man of the House,,,,,,,,,,,,,,,,,,,
Reel,643,116,Julia Delaney,,,,,,,,,,,,,,,,,,,
Reel,644,116,The Highway to Limerick,,,,,,,,,,,,,,,,,,,
Reel,645,116,Colonel McBain,,,,,,,,,,,,,,,,,,,
Reel,646,116,The Collier's Reel,,,,,,,,,,,,,,,,,,,
Reel,647,116,The Maid That Dare Not Tell,,,,,,,,,,,,,,,,,,,
Reel,648,116,The Pigeon on the Gate,,,,,,,,,,,,,,,,,,,
Reel,649,116,Lord McDonald's Reel,Little Peggy,,,,,,,,,,,,,,,,,,
Reel,650,116,The Maids of Mitchellstown,,,,,,,,,,,,,,,,,,,
Reel,651,117,Erin's Hope,,,,,,,,,,,,,,,,,,,
Reel,652,117,Molly What Ails You?,"You're Right, My Love",,,,,,,,,,,,,,,,,,
Reel,653,117,Tady's Wattle,,,,,,,,,,,,,,,,,,,
Reel,654,117,The Old Maids of Galway,,,,,,,,,,,,,,,,,,,
Reel,655,117,Miss McLeod's Reel,The Enterprising Boxer,,,,,,,,,,,,,,,,,,
Reel,656,117,Sergeant Early's Dream,,,,,,,,,,,,,,,,,,,
Reel,657,117,Push About the Jorum,,,,,,,,,,,,,,,,,,,
Reel,658,118,Maurice Casey's Fancy,,,,,,,,,,,,,,,,,,,
Reel,659,118,Young Arthur Daly,Wild Awake,,,,,,,,,,,,,,,,,,
Reel,660,118,Considine's Grove,Miss Brady,,,,,,,,,,,,,,,,,,
Reel,661,118,Sleepy Maggie,,,,,,,,,,,,,,,,,,,
Reel,662,118,Drowsy Maggie,,,,,,,,,,,,,,,,,,,
Reel,663,118,The Plaid Mantle,,,,,,,,,,,,,,,,,,,
Reel,664,118,The Humors of Ballinacarrig,The Humours of Ballinacarrig,,,,,,,,,,,,,,,,,,
Reel,665,119,The Harvest Field,,,,,,,,,,,,,,,,,,,
Reel,666,119,The Green Groves of Erin,The Gay Fellow's Favorite,The Gay Fellow's Favourite,,,,,,,,,,,,,,,,,
Reel,667,119,The Scolding Wife,The Last Word,,,,,,,,,,,,,,,,,,
Reel,668,119,The Mooncoin Reel,,,,,,,,,,,,,,,,,,,
Reel,669,119,Kiss Me Kate,,,,,,,,,,,,,,,,,,,
Reel,670,119,Lord Gordon's Reel,The Duke of Gordon's Favorite,The Duke of Gordon's Favourite,,,,,,,,,,,,,,,,,
Reel,671,119,Five Miles Away,,,,,,,,,,,,,,,,,,,
Reel,672,119,Within a Mile of Clonbur,,,,,,,,,,,,,,,,,,,
Reel,673,120,The Drummond Lasses,,,,,,,,,,,,,,,,,,,
Reel,674,120,Johnny Has Gone To France,,,,,,,,,,,,,,,,,,,
Reel,675,120,The Bonnie Boy,,,,,,,,,,,,,,,,,,,
Reel,676,120,Dooley's Fancy,,,,,,,,,,,,,,,,,,,
Reel,677,120,The Second Wedding,,,,,,,,,,,,,,,,,,,
Reel,678,120,The Old Schoolmaster,,,,,,,,,,,,,,,,,,,
Reel,679,120,Around the World For Sport,Diversion Everywhere,The Fairies Are Dancing,,,,,,,,,,,,,,,,,
Reel,680,121,Mickey by the Fireside,,,,,,,,,,,,,,,,,,,
Reel,681,121,The Sailor's Cravat,,,,,,,,,,,,,,,,,,,
Reel,682,121,Coming Over the Hills,,,,,,,,,,,,,,,,,,,
Reel,683,121,The Reel of Bogie,The Long Chase,,,,,,,,,,,,,,,,,,
Reel,684,121,The Limerick Lasses,,,,,,,,,,,,,,,,,,,
Reel,685,121,Miss Wallace,,,,,,,,,,,,,,,,,,,
Reel,686,121,The Hornless Cow,,,,,,,,,,,,,,,,,,,
Reel,687,122,Jenny's Welcome to Charley,,,,,,,,,,,,,,,,,,,
Reel,688,122,Tit for Tat,The Limestone Rock,,,,,,,,,,,,,,,,,,
Reel,689,122,The Lightning Flash,,,,,,,,,,,,,,,,,,,
Reel,690,122,Tim the Marketman,Tim the Market Man,The Jolly Weavers,Thiegeen a Variga,,,,,,,,,,,,,,,,
Reel,691,122,The Ladies of Leinster,,,,,,,,,,,,,,,,,,,
Reel,692,122,Comely Jane Dowling,,,,,,,,,,,,,,,,,,,
Reel,693,123,The Maid at the Churn,,,,,,,,,,,,,,,,,,,
Reel,694,123,A Moonlight Ramble,,,,,,,,,,,,,,,,,,,
Reel,695,123,"Girls, Who Will Take Him?",Girls Will You Take Him?,,,,,,,,,,,,,,,,,,
Reel,696,123,Bill Clancy's Delight,,,,,,,,,,,,,,,,,,,
Reel,697,123,The Jolly Seven,,,,,,,,,,,,,,,,,,,
Reel,698,123,The Skibbereen Lasses,,,,,,,,,,,,,,,,,,,
Reel,699,123,The Humors of Schull,The Humours of Schull,,,,,,,,,,,,,,,,,,
Reel,700,124,After the Sun Goes Down,,,,,,,,,,,,,,,,,,,
Reel,701,124,Farewell To Erin,,,,,,,,,,,,,,,,,,,
Reel,702,124,On the Riverbank,,,,,,,,,,,,,,,,,,,
Reel,703,124,Fairhaired Mary,Fair-Haired Mary,,,,,,,,,,,,,,,,,,
Reel,704,124,Pretty Peggy,,,,,,,,,,,,,,,,,,,
Reel,705,124,More Power to Your Elbow,,,,,,,,,,,,,,,,,,,
Reel,706,124,Green Garters,,,,,,,,,,,,,,,,,,,
Reel,707,125,Jenny's Wedding,,,,,,,,,,,,,,,,,,,
Reel,708,125,The Maid of Athlone,,,,,,,,,,,,,,,,,,,
Reel,709,125,Keeper Hill,,,,,,,,,,,,,,,,,,,
Reel,710,125,Good Morning To Your Nightcap,,,,,,,,,,,,,,,,,,,
Reel,711,125,I'm Waiting For You,,,,,,,,,,,,,,,,,,,
Reel,712,125,O'Reilly Greyhound,O'Reilly's Greyhound,Outdoor Relief,,,,,,,,,,,,,,,,,
Reel,713,126,Courting Them All,The Bashful Bachelor,Don't Bother Me,The Moving Bog,,,,,,,,,,,,,,,,
Reel,714,126,The Green Jacket,,,,,,,,,,,,,,,,,,,
Reel,715,126,My Honey in the House,,,,,,,,,,,,,,,,,,,
Reel,716,126,McFadden's Favorite,McFadden's Favourite,My Love is in the House,,,,,,,,,,,,,,,,,
Reel,717,126,The Callan Lasses,,,,,,,,,,,,,,,,,,,
Reel,718,126,Are You Willing?,,,,,,,,,,,,,,,,,,,
Reel,719,126,The Traveller,Walker Street,,,,,,,,,,,,,,,,,,
Reel,720,127,Kiss the Bride,,,,,,,,,,,,,,,,,,,
Reel,721,127,Duffy the Dancer,,,,,,,,,,,,,,,,,,,
Reel,722,127,Welcome Home,,,,,,,,,,,,,,,,,,,
Reel,723,127,The Linen Cap,,,,,,,,,,,,,,,,,,,
Reel,724,127,The Contradiction Reel,Miss Gunning's Fancy,,,,,,,,,,,,,,,,,,
Reel,725,127,The Smoky House,,,,,,,,,,,,,,,,,,,
Reel,726,127,Molly McCarthy,,,,,,,,,,,,,,,,,,,
Reel,727,128,Rolling Down the Hill,,,,,,,,,,,,,,,,,,,
Reel,728,128,The Merry Blacksmith,The Corkonian,Ike Forrester's Reel,Paddy on the Railroad,,,,,,,,,,,,,,,,
Reel,729,128,Scotch Mary,My Love is Far Away,,,,,,,,,,,,,,,,,,
Reel,730,128,Within a Mile of Dublin,,,,,,,,,,,,,,,,,,,
Reel,731,128,The Cameronian Reel,,,,,,,,,,,,,,,,,,,
Reel,732,128,Winter Apples,The Galway Reel,,,,,,,,,,,,,,,,,,
Reel,733,128,The Primrose Lass,,,,,,,,,,,,,,,,,,,
Reel,734,129,Shearing the Sheep,,,,,,,,,,,,,,,,,,,
Reel,735,129,Paddy's Surprise,,,,,,,,,,,,,,,,,,,
Reel,736,129,Captain Byng,,,,,,,,,,,,,,,,,,,
Reel,737,129,The Wind That Shakes the Barley,I Sat Within the Valley Green,,,,,,,,,,,,,,,,,,
Reel,738,129,The Piper's Son,,,,,,,,,,,,,,,,,,,
Reel,739,129,Turkeys in the Straw,,,,,,,,,,,,,,,,,,,
Reel,740,129,William White's Reel,,,,,,,,,,,,,,,,,,,
Reel,741,130,Murtough Molloy,,,,,,,,,,,,,,,,,,,
Reel,742,130,The Field of Oats,,,,,,,,,,,,,,,,,,,
Reel,743,130,The Humors of Newcastle,The Humours of Newcastle,,,,,,,,,,,,,,,,,,
Reel,744,130,Paddy Murphy's Wife,,,,,,,,,,,,,,,,,,,
Reel,745,130,The Girl With the Laughing Eyes,,,,,,,,,,,,,,,,,,,
Reel,746,130,Give Us Another,,,,,,,,,,,,,,,,,,,
Reel,747,130,The Northern Lasses,,,,,,,,,,,,,,,,,,,
Reel,748,131,Clarkson's Reel,,,,,,,,,,,,,,,,,,,
Reel,749,131,Rakish Paddy,,,,,,,,,,,,,,,,,,,
Reel,750,131,The Mullingar Races,,,,,,,,,,,,,,,,,,,
Reel,751,131,The Jolly Tinker,,,,,,,,,,,,,,,,,,,
Reel,752,131,The Queen's Shilling,The Kilkenny Boys,Lady Mary Ramsey,,,,,,,,,,,,,,,,,
Reel,753,131,Little Katie Kearney,,,,,,,,,,,,,,,,,,,
Reel,754,131,The Maid in the Cherry Tree,,,,,,,,,,,,,,,,,,,
Reel,755,132,The Watchmaker,,,,,,,,,,,,,,,,,,,
Reel,756,132,The Same Old Story,,,,,,,,,,,,,,,,,,,
Reel,757,132,The Fourpenny Bit,,,,,,,,,,,,,,,,,,,
Reel,758,132,The Jug of Punch,,,,,,,,,,,,,,,,,,,
Reel,759,132,The Grey Plover,,,,,,,,,,,,,,,,,,,
Reel,760,132,My Sweetheart Jane,The Life of Man,,,,,,,,,,,,,,,,,,
Reel,761,132,Kiss Your Partner,,,,,,,,,,,,,,,,,,,
Reel,762,133,Corney Is Coming,,,,,,,,,,,,,,,,,,,
Reel,763,133,The Mountain Rose,,,,,,,,,,,,,,,,,,,
Reel,764,133,The Green Gates,,,,,,,,,,,,,,,,,,,
Reel,765,133,The Western Lasses,,,,,,,,,,,,,,,,,,,
Reel,766,133,Rolling on the Ryegrass,Maureen Playboy,Old Molly Ahern,The Piper's Lass,The Rathkeale Hunt,The Shannon Breeze,,,,,,,,,,,,,,
Reel,767,133,The Four-Hand Reel,The Ballyvaughan Reel,Corporal Casey,The Five Mile Chase,Miss Gardner,Parnell's Reel,The Yellowhaired Laddie,,,,,,,,,,,,,
Reel,768,134,The Flowers of Limerick,Cronin's Favorite,Cronin's Favourite,The Ewe With the Crooked Horn,Paddy on the Turnpike,,,,,,,,,,,,,,,
Reel,769,134,The Piper's Despair,,,,,,,,,,,,,,,,,,,
Reel,770,134,The Edenderry Reel,,,,,,,,,,,,,,,,,,,
Reel,771,134,The Old Bog Ground,,,,,,,,,,,,,,,,,,,
Reel,772,134,The Absentminded Woman,The Absent-Minded Woman,,,,,,,,,,,,,,,,,,
Reel,773,134,The Hag By the Fire,,,,,,,,,,,,,,,,,,,
Reel,774,135,Johnny Allen's Reel,,,,,,,,,,,,,,,,,,,
Reel,775,135,The Maid of Feakle,,,,,,,,,,,,,,,,,,,
Reel,776,135,The Humors of Scarriff,The Humours of Scarriff,,,,,,,,,,,,,,,,,,
Reel,777,135,The Rambler in Cork,,,,,,,,,,,,,,,,,,,
Reel,778,135,The Maids of Kilmallock,,,,,,,,,,,,,,,,,,,
Reel,779,135,The Heather Breeze,,,,,,,,,,,,,,,,,,,
Reel,780,135,Cooleen Bridge,,,,,,,,,,,,,,,,,,,
Reel,781,136,Captain Rock,,,,,,,,,,,,,,,,,,,
Reel,782,136,The Tinker's Reel,,,,,,,,,,,,,,,,,,,
Reel,783,136,The Maids of Tulla,,,,,,,,,,,,,,,,,,,
Reel,784,136,The Gaelic Revival,,,,,,,,,,,,,,,,,,,
Reel,785,136,A Ha'porth of Tea,,,,,,,,,,,,,,,,,,,
Reel,786,136,Over the Moor to Maggie,,,,,,,,,,,,,,,,,,,
Reel,787,137,Bunker Hill,,,,,,,,,,,,,,,,,,,
Reel,788,137,The King of the Clans,,,,,,,,,,,,,,,,,,,
Reel,789,137,Boil the Beefsteak Early,Boil the Breakfast Early,Court Her Along the Road,The Wild Irishman,,,,,,,,,,,,,,,,
Reel,790,137,The Maid I Ne'er Forgot,,,,,,,,,,,,,,,,,,,
Reel,791,137,The Honeymoon Reel,The Girl From the Country,The Ha'penny Reel,Rooney's Reel,,,,,,,,,,,,,,,,
Reel,792,137,The Cup of Tea,The Unfortunate Cup of Tea,,,,,,,,,,,,,,,,,,
Reel,793,137,Come West Along the Road,,,,,,,,,,,,,,,,,,,
Reel,794,138,The Long Strand,,,,,,,,,,,,,,,,,,,
Reel,795,138,The Teetotaler's Fancy,O'Connell's Welcome to Clare,The Temperance Reel,,,,,,,,,,,,,,,,,
Reel,796,138,Kitty in the Lane,Lower Ormond,,,,,,,,,,,,,,,,,,
Reel,797,138,The Chicago Reel,,,,,,,,,,,,,,,,,,,
Reel,798,138,Mrs. Delaney,,,,,,,,,,,,,,,,,,,
Reel,799,138,Mayor Harrison's Fedora,,,,,,,,,,,,,,,,,,,
Reel,800,138,Miss Fahey's Fancy,,,,,,,,,,,,,,,,,,,
Reel,801,139,Clancy's Fancy Reel,,,,,,,,,,,,,,,,,,,
Reel,802,139,The Shaskeen Reel,,,,,,,,,,,,,,,,,,,
Reel,803,139,Peter Street,Miller's Frolics,Timor the Tartar,,,,,,,,,,,,,,,,,
Reel,804,139,Pay the Girl Her Fourpence,,,,,,,,,,,,,,,,,,,
Reel,805,139,Farewell To Ireland,,,,,,,,,,,,,,,,,,,
Hornpipe,806,140,Chief O'Neill's Favorite,Chief O'Neill's Favourite,,,,,,,,,,,,,,,,,,
Hornpipe,807,140,The Greencastle Hornpipe,The Limerick Hornpipe,,,,,,,,,,,,,,,,,,
Hornpipe,808,140,The Cloone Hornpipe,,,,,,,,,,,,,,,,,,,
Hornpipe,809,140,The Kildare Fancy,,,,,,,,,,,,,,,,,,,
Hornpipe,810,140,Dunphy's Hornpipe,,,,,,,,,,,,,,,,,,,
Hornpipe,811,141,The Rights of Man,,,,,,,,,,,,,,,,,,,
Hornpipe,812,141,Slievenamon,,,,,,,,,,,,,,,,,,,
Hornpipe,813,141,Hennessy's Hornpipe,,,,,,,,,,,,,,,,,,,
Hornpipe,814,141,The Quarrelsome Piper,,,,,,,,,,,,,,,,,,,
Hornpipe,815,141,The Devil's Dream,The Devil Among the Tailors,,,,,,,,,,,,,,,,,,
Hornpipe,816,141,The Liverpool Hornpipe,,,,,,,,,,,,,,,,,,,
Hornpipe,817,142,The Tinware Lass,The Pewter Mug,,,,,,,,,,,,,,,,,,
Hornpipe,818,142,Hillside Cottage,,,,,,,,,,,,,,,,,,,
Hornpipe,819,142,The Heather Glen,Douglas' Favorite,Douglas' Favourite,,,,,,,,,,,,,,,,,
Hornpipe,820,142,Limerick Junction,,,,,,,,,,,,,,,,,,,
Hornpipe,821,142,The Top of the Morning,Come Down and Let Me In,Miss Flynn,,,,,,,,,,,,,,,,,
Hornpipe,822,142,Hick's Hornpipe,,,,,,,,,,,,,,,,,,,
Hornpipe,823,142,Bantry Bay,The Union Hornpipe,,,,,,,,,,,,,,,,,,
Hornpipe,824,143,The Boys from Scart,,,,,,,,,,,,,,,,,,,
Hornpipe,825,143,Fisher's Hornpipe,The Egg Hornpipe,,,,,,,,,,,,,,,,,,
Hornpipe,826,143,The Sailor's Hornpipe (Number 1),,,,,,,,,,,,,,,,,,,
Hornpipe,827,143,The Sailor's Hornpipe (Number 2),,,,,,,,,,,,,,,,,,,
Hornpipe,828,143,The Wicklow Hornpipe,,,,,,,,,,,,,,,,,,,
Hornpipe,829,143,Miss Brown's Fancy,,,,,,,,,,,,,,,,,,,
Hornpipe,830,143,The Men From Mallow,,,,,,,,,,,,,,,,,,,
Hornpipe,831,144,McCarthy's Hornpipe,McCarty's Hornpipe,,,,,,,,,,,,,,,,,,
Hornpipe,832,144,Big Dan O'Mahony,,,,,,,,,,,,,,,,,,,
Hornpipe,833,144,The Trumpet Hornpipe,,,,,,,,,,,,,,,,,,,
Hornpipe,834,144,The Mullingar Races,May Day,,,,,,,,,,,,,,,,,,
Hornpipe,835,144,The Kilkenny Hornpipe,,,,,,,,,,,,,,,,,,,
Hornpipe,836,144,Jerry Daly's Hornpipe,The Poor Old Woman,,,,,,,,,,,,,,,,,,
Hornpipe,837,144,The Banks of the Ilen,Six-Mile Bridge,,,,,,,,,,,,,,,,,,
Hornpipe,838,145,Kit O'Mahony's Hornpipe,,,,,,,,,,,,,,,,,,,
Hornpipe,839,145,The Boys of Ballysimon,,,,,,,,,,,,,,,,,,,
Hornpipe,840,145,Fair and Forty,,,,,,,,,,,,,,,,,,,
Hornpipe,841,145,The Slipper Hornpipe,,,,,,,,,,,,,,,,,,,
Hornpipe,842,145,O'Dwyer's Hornpipe,,,,,,,,,,,,,,,,,,,
Hornpipe,843,146,Grove's Hornpipe,The Groves Hornpipe,,,,,,,,,,,,,,,,,,
Hornpipe,844,146,The First of June,,,,,,,,,,,,,,,,,,,
Hornpipe,845,146,The Last of the Twins,,,,,,,,,,,,,,,,,,,
Hornpipe,846,146,Kitty's Wedding,Smith's Delight,,,,,,,,,,,,,,,,,,
Hornpipe,847,146,The Harvest Home,The Cincinnati Hornpipe,The Cork Hornpipe,,,,,,,,,,,,,,,,,
Hornpipe,848,147,The Echo Hornpipe,,,,,,,,,,,,,,,,,,,
Hornpipe,849,147,Murray's Hornpipe,,,,,,,,,,,,,,,,,,,
Hornpipe,850,147,McDermott's Hornpipe,,,,,,,,,,,,,,,,,,,
Hornpipe,851,147,Glengariff Hornpipe,,,,,,,,,,,,,,,,,,,
Hornpipe,852,147,The Sweep's Hornpipe,,,,,,,,,,,,,,,,,,,
Hornpipe,853,147,Galway Bay,,,,,,,,,,,,,,,,,,,
Hornpipe,854,148,Coming From the Wedding,,,,,,,,,,,,,,,,,,,
Hornpipe,855,148,Cronin's Rambles,,,,,,,,,,,,,,,,,,,
Hornpipe,856,148,Murphy's Hornpipe,,,,,,,,,,,,,,,,,,,
Hornpipe,857,148,The Fair Maidens,,,,,,,,,,,,,,,,,,,
Hornpipe,858,148,The Little Stack of Barley,Little Mary Cassidy,Evening Was Waning,Patrick Condon's Vision,,,,,,,,,,,,,,,,
Hornpipe,859,148,Off To California,,,,,,,,,,,,,,,,,,,
Hornpipe,860,148,Thirty Years Ago,,,,,,,,,,,,,,,,,,,
Hornpipe,861,149,Youghal Harbor,Youghal Harbour,,,,,,,,,,,,,,,,,,
Hornpipe,862,149,Rogers O'Neill,,,,,,,,,,,,,,,,,,,
Hornpipe,863,149,The Night We Made the Match,,,,,,,,,,,,,,,,,,,
Hornpipe,864,149,The Pleasures of Hope,,,,,,,,,,,,,,,,,,,
Hornpipe,865,149,Byrne's Hornpipe,,,,,,,,,,,,,,,,,,,
Hornpipe,866,149,"Whiskey, You're the Devil!",The Gypsy Hornpipe,,,,,,,,,,,,,,,,,,
Hornpipe,867,150,The Scholar,,,,,,,,,,,,,,,,,,,
Hornpipe,868,150,The Soldier's Joy,,,,,,,,,,,,,,,,,,,
Hornpipe,869,150,The Clover Blossom,The Handorgan Hornpipe,The Harlequin Hornpipe,,,,,,,,,,,,,,,,,
Hornpipe,870,150,The Glasgow Hornpipe,,,,,,,,,,,,,,,,,,,
Hornpipe,871,150,Old Man Quinn,,,,,,,,,,,,,,,,,,,
Hornpipe,872,150,The Green Banner,,,,,,,,,,,,,,,,,,,
Hornpipe,873,151,The Golden Vale,,,,,,,,,,,,,,,,,,,
Hornpipe,874,151,The Honeysuckle,,,,,,,,,,,,,,,,,,,
Hornpipe,875,151,The Star Hornpipe,,,,,,,,,,,,,,,,,,,
Hornpipe,876,151,O'Connor's Fancy,,,,,,,,,,,,,,,,,,,
Hornpipe,877,151,Sault's Own Hornpipe,,,,,,,,,,,,,,,,,,,
Hornpipe,878,151,Tomorrow Morning,,,,,,,,,,,,,,,,,,,
Hornpipe,879,151,Clark's Hornpipe,,,,,,,,,,,,,,,,,,,
Hornpipe,880,152,The Peacemaker,,,,,,,,,,,,,,,,,,,
Hornpipe,881,152,Father Dollard's Hornpipe,,,,,,,,,,,,,,,,,,,
Hornpipe,882,152,The Sea Captain,Young Lads Prepared For Marriage,,,,,,,,,,,,,,,,,,
Hornpipe,883,152,The Humors of Ballyconnell,The Humours of Ballyconnell,Ballyhaunis,,,,,,,,,,,,,,,,,
Hornpipe,884,152,Early in the Morning,,,,,,,,,,,,,,,,,,,
Hornpipe,885,152,Julia's Wedding,"Kiss Me, Joe",,,,,,,,,,,,,,,,,,
Hornpipe,886,152,Bill Black's Hornpipe,,,,,,,,,,,,,,,,,,,
Hornpipe,887,153,Whistling Mike,,,,,,,,,,,,,,,,,,,
Hornpipe,888,153,The Spring Garden,,,,,,,,,,,,,,,,,,,
Hornpipe,889,153,O'Donnell's Hornpipe,,,,,,,,,,,,,,,,,,,
Hornpipe,890,153,Ballincollig in the Morning,,,,,,,,,,,,,,,,,,,
Hornpipe,891,153,The Flowers of Spring,,,,,,,,,,,,,,,,,,,
Hornpipe,892,153,The Woods of Kilkenny,,,,,,,,,,,,,,,,,,,
Hornpipe,893,153,O'Donovan's Hornpipe,,,,,,,,,,,,,,,,,,,
Hornpipe,894,154,The Friendly Visit,,,,,,,,,,,,,,,,,,,
Hornpipe,895,154,Tim the Turncoat,,,,,,,,,,,,,,,,,,,
Hornpipe,896,154,The Old Vest and Cravat,John Doe,Shanavest and Corovoth,The Wicked Yeoman,,,,,,,,,,,,,,,,
Hornpipe,897,154,The Lakeside Road,,,,,,,,,,,,,,,,,,,
Hornpipe,898,154,The Boys of Bluehill,,,,,,,,,,,,,,,,,,,
Hornpipe,899,154,The First of May,,,,,,,,,,,,,,,,,,,
Hornpipe,900,154,Autumn Woods,,,,,,,,,,,,,,,,,,,
Hornpipe,901,154,The Fiddlers' Contest,,,,,,,,,,,,,,,,,,,
Hornpipe,902,155,Bonaparte's Defeat,,,,,,,,,,,,,,,,,,,
Hornpipe,903,155,Corney Drew's Hornpipe,,,,,,,,,,,,,,,,,,,
Hornpipe,904,155,O'Connor's Favorite,O'Connor's Favourite,,,,,,,,,,,,,,,,,,
Hornpipe,905,155,The Hunter's Hornpipe,The First Day of Spring,Reynard the Fox,,,,,,,,,,,,,,,,,
Hornpipe,906,155,The Fairies' Hornpipe,,,,,,,,,,,,,,,,,,,
Hornpipe,907,155,The Handsome Plowboy,,,,,,,,,,,,,,,,,,,
Hornpipe,908,155,The Pet of the House,The Coliseum Hornpipe,,,,,,,,,,,,,,,,,,
Hornpipe,909,156,The Queen of May,,,,,,,,,,,,,,,,,,,
Hornpipe,910,156,The Man From Newry,,,,,,,,,,,,,,,,,,,
Hornpipe,911,156,Spellan the Fiddler,,,,,,,,,,,,,,,,,,,
Hornpipe,912,156,The Widow Cantwell's fancy,,,,,,,,,,,,,,,,,,,
Hornpipe,913,156,The Cuckoo's Nest,Jacky Tar,The Mower,,,,,,,,,,,,,,,,,
Hornpipe,914,156,Higgins' Hornpipe,,,,,,,,,,,,,,,,,,,
Hornpipe,915,157,Jack's the Lad,Jacks the Lad,The College Hornpipe,,,,,,,,,,,,,,,,,
Hornpipe,916,157,Cooney's Hornpipe,,,,,,,,,,,,,,,,,,,
Hornpipe,917,157,Gillespie's Hornpipe,,,,,,,,,,,,,,,,,,,
Hornpipe,918,157,Back of the Haggard,,,,,,,,,,,,,,,,,,,
Hornpipe,919,157,The Mountains of Kerry,The Mountain Hornpipe,,,,,,,,,,,,,,,,,,
Hornpipe,920,157,The Flowers of Edinburgh,The Flowers of Donnybrook,My Love Was Once a Bonnie Lad,Rossaviel,"To the Battle, Men of Erin",,,,,,,,,,,,,,,
Hornpipe,921,157,The Redhaired Boy,,,,,,,,,,,,,,,,,,,
Hornpipe,922,158,The Fancy Fair,,,,,,,,,,,,,,,,,,,
Hornpipe,923,158,The Wily Old Bachelor,,,,,,,,,,,,,,,,,,,
Hornpipe,924,158,The Old Storyteller,The Old Story-Teller,,,,,,,,,,,,,,,,,,
Hornpipe,925,158,The Londonderry Hornpipe,Delaney's Favorite,Delaney's Favourite,The Showman's Clog,,,,,,,,,,,,,,,,
Hornpipe,926,158,Hawk's Hornpipe,,,,,,,,,,,,,,,,,,,
Hornpipe,927,159,Always Welcome,,,,,,,,,,,,,,,,,,,
Hornpipe,928,159,Jim Boulton's Hornpipe,,,,,,,,,,,,,,,,,,,
Hornpipe,929,159,John Carey's Daughter,,,,,,,,,,,,,,,,,,,
Hornpipe,930,159,Where Did You Find Her?,,,,,,,,,,,,,,,,,,,
Hornpipe,931,159,Roger Was a Plowboy,,,,,,,,,,,,,,,,,,,
Hornpipe,932,159,The Kilfinane Hornpipe,,,,,,,,,,,,,,,,,,,
Hornpipe,933,159,Whitney's Fancy,,,,,,,,,,,,,,,,,,,
Hornpipe,934,160,The Seaman's Club,,,,,,,,,,,,,,,,,,,
Hornpipe,935,160,The Humors of Castle Bernard,The Humours of Castle Bernard,,,,,,,,,,,,,,,,,,
Hornpipe,936,160,Durang's Hornpipe,,,,,,,,,,,,,,,,,,,
Hornpipe,937,160,The Bantry Hornpipe,,,,,,,,,,,,,,,,,,,
Hornpipe,938,160,Caroline O'Neill's Hornpipe, ,,,,,,,,,,,,,,,,,,
Hornpipe,939,161,The New Century,,,,,,,,,,,,,,,,,,,
Hornpipe,940,161,Rick's Rambles,,,,,,,,,,,,,,,,,,,
Hornpipe,941,161,The Horse and Jockey,,,,,,,,,,,,,,,,,,,
Hornpipe,942,161,The Humors of Ballinlass,The Humours of Ballinlass,,,,,,,,,,,,,,,,,,
Hornpipe,943,161,Beside a Rath,,,,,,,,,,,,,,,,,,,
Hornpipe,944,161,Madam If You Please,The Girl of the Golden Tresses,,,,,,,,,,,,,,,,,,
Hornpipe,945,161,The Wren Hornpipe,,,,,,,,,,,,,,,,,,,
Hornpipe,946,162,Biddy Early,,,,,,,,,,,,,,,,,,,
Hornpipe,947,162,Swinging Around the Circle,,,,,,,,,,,,,,,,,,,
Hornpipe,948,162,The Drunken Sailor,,,,,,,,,,,,,,,,,,,
Hornpipe,949,162,Tomgraney Castle,,,,,,,,,,,,,,,,,,,
Hornpipe,950,162,Galtee Mountain,,,,,,,,,,,,,,,,,,,
Hornpipe,951,162,Paddy Mack,,,,,,,,,,,,,,,,,,,
Hornpipe,952,163,The Sunshine Hornpipe,The Great Eastern,The Great Western,Shunster's Hornpipe,,,,,,,,,,,,,,,,
Hornpipe,953,163,Dick Sands' Hornpipe,,,,,,,,,,,,,,,,,,,
Hornpipe,954,163,The Pleasures of Home,,,,,,,,,,,,,,,,,,,
Hornpipe,955,163,We'll Drink Good Health,,,,,,,,,,,,,,,,,,,
Long Dance,956,164,The Ace and Deuce of Pipering,,,,,,,,,,,,,,,,,,,
Long Dance,957,164,The Downfall of Paris,,,,,,,,,,,,,,,,,,,
Long Dance,958,164,Rodney's Glory,An Irishman's Return from America,My Name is Moll Mackey,The Praises of Limerick,,,,,,,,,,,,,,,,
Long Dance,959,165,The Rambling Rake,,,,,,,,,,,,,,,,,,,
Long Dance,960,165,The Funny Tailor,The Lark in the Clear Air,The Return Home,,,,,,,,,,,,,,,,,
Long Dance,961,165,The Three Captains,The Three Sea Captains,William Clark's Favorite,William Clark's Favourite,,,,,,,,,,,,,,,,
Long Dance,962,165,Madam Bonaparte,Bonaparte's Advance,,,,,,,,,,,,,,,,,,
Long Dance,963,165,The Hurling Boys,,,,,,,,,,,,,,,,,,,
Long Dance,964,165,The Lodge Road,,,,,,,,,,,,,,,,,,,
Long Dance,965,166,Is the Big Man Within?,Far Mor the,The Merry Tailor,,,,,,,,,,,,,,,,,
Long Dance,966,166,The Job of Journeywork,,,,,,,,,,,,,,,,,,,
Long Dance,967,166,John O'Dwyer of the Glens,,,,,,,,,,,,,,,,,,,
Long Dance,968,166,Rub the Bag,,,,,,,,,,,,,,,,,,,
Long Dance,969,166,The Jockey at the Fair,,,,,,,,,,,,,,,,,,,
Long Dance,970,166,The Barony Jig,,,,,,,,,,,,,,,,,,,
Long Dance,971,167,Hurry the Jug,Once On a Morning of Sweet Recreation,,,,,,,,,,,,,,,,,,
Long Dance,972,167,Spalpeen Fanach,As Slow Our Ship,Brighton Camp,The Girl I Left Behind Me,The Rambling Laborer,The Rambling Labourer,,,,,,,,,,,,,,
Long Dance,973,167,Planxty Davis,The Battle of Killicrankie,Killicranky,,,,,,,,,,,,,,,,,
Long Dance,974,167,The Garden of Daisies,,,,,,,,,,,,,,,,,,,
Long Dance,975,167,St. Patrick's Day,"Oh! Erin, My Country",Sheelah's Wedding,Though Dark Be Our Sorrows,,,,,,,,,,,,,,,,
Long Dance,976,168,The Hunt,The Galtee Hunt,,,,,,,,,,,,,,,,,,
Long Dance,977,168,The Humors of Bandon,The Humours of Bandon,The Jolly Old Woman,,,,,,,,,,,,,,,,,
Long Dance,978,168,The Orange Rogue,The Bunch of Clover,,,,,,,,,,,,,,,,,,
Long Dance,979,168,King of the Fairies,,,,,,,,,,,,,,,,,,,
Long Dance,980,168,Bonaparte's Retreat,,,,,,,,,,,,,,,,,,,
Long Dance,981,168,The White Blanket,,,,,,,,,,,,,,,,,,,
Long Dance,982,169,The Bold Deserter,,,,,,,,,,,,,,,,,,,
Long Dance,983,169,Poll Ha'penny,Brian the Brave,Molly Ha'penny,Molly Macalpin,,,,,,,,,,,,,,,,
Long Dance,984,169,The Blackthorn Stick,,,,,,,,,,,,,,,,,,,
Long Dance,985,169,The Blackbird,,,,,,,,,,,,,,,,,,,
Miscellaneous,986,170,The Fairy Dance,The Haymakers,,,,,,,,,,,,,,,,,,
Miscellaneous,987,170,Billy O'Rourke is the Boy,The Day I Married Susan,The Fair of Windgap,Roudlum Randy,,,,,,,,,,,,,,,,
Miscellaneous,988,170,Follow Me Down to Carlow,,,,,,,,,,,,,,,,,,,
Miscellaneous,989,170,Tow Row Row,It Is Day,Paddy Will You Now?,Take Me Now While I'm In Humor,Take Me Now While I'm In Humour,,,,,,,,,,,,,,,
Miscellaneous,990,170,Dancing the Baby,,,,,,,,,,,,,,,,,,,
Miscellaneous,991,171,The Kerry Jig,,,,,,,,,,,,,,,,,,,
Miscellaneous,992,171,The Humors of Kilkenny,The Humours of Kilkenny,"Your Bag is Handsome, My Boy",Yoy Stay Away a Long time,,,,,,,,,,,,,,,,
Miscellaneous,993,171,The Merry Merchant,The Bright Sun's Glorious Ray,Canny Sugach,The Jolly Merchant,The Merchant's Daughter,Who'll Buy My Besoms?,The World is Turned Upside Down,,,,,,,,,,,,,
Miscellaneous,994,171,A Sprig of Shillelah,The Black Joke,Darling Nedeen,The Irish Dragoon,Irish Oak,Oh! Love is the Soul of a Neat Irish Man,Paddy McShane,Shandrum Boggon,The Sprig of Shillelah,Sublime Was the Warning,Thistle Sae Green,When the Bright Spark of Freedom,,,,,,,,
Miscellaneous,995,171,Down the Hill,,,,,,,,,,,,,,,,,,,
Miscellaneous,996,171,The Wedding of Ballyporeen,Ballynamona Oro,Condy Magan,Darling Kippeen of the Stick,You Know I'm Your Priest,,,,,,,,,,,,,,,
Miscellaneous,997,171,Shuffle and Cut,Paddy's Experience,,,,,,,,,,,,,,,,,,
Miscellaneous,998,172,The Girl of the Big House,The Housekeeper,,,,,,,,,,,,,,,,,,
Miscellaneous,999,172,All the Way to Galway,,,,,,,,,,,,,,,,,,,
Miscellaneous,1000,172,High Caul Cap,High-Caul Cap,The Bonnie Lassie,What Shall I Do?,,,,,,,,,,,,,,,,
Miscellaneous,1001,172,Garryowen (with variations),The Battle of Limerick,The Bivouac of the Dead,The Bossom That Beats,Hurrah! For the Women of Limerick,Let Bacchus' Sons Be Not Dismayed,Oh! Friendship Will Smile,We May Roam Thro' This World,,,,,,,,,,,,
